CFOhmk3QWt7IIaWSBLkY0wFac4yUFEAfF1W0GzFYTNfLr2s,QguRkGMis44bJz1V_HfDI6aRHDYnDEeq8rxP2_44ddeYVAk,118
wQQ4GLNOi0JC5j0vLIHsLKoUivnEcc4h5RDPap_nv4t2kzE,bv_0PG4AUPc5J_5FQGputiLWCZ-zaVCRQC-CxpSSbvegJQ,162
ai2oXjw4wVxhyGafhKgVFd8hvYFGGf3t4UdMayD--nHFRpA,3szKWV80WxhapS0fSvNCCfRA_lsffWQ0D1zJrMfeeGRyag,278
EMo2uqijjDYMvkO8rFJhsnCRFHcGD2Dz7yndxA0mYIn5fy0,7nqBk12UX8S8SzrT-wZUbhBwNaI7swekp1kQC8yfK6OgtA,205
zi8izvBtkSBJ8XcWOFnzxuip23rYqfGeE1eUsH4RdUVDCwM,F0yzGlsCSguatr6nk_j9mYgwZMvLm7SgAQlWYY6HMBJxl9A,270
pxLMfkhtZiMO6jlpP1fw_17LR3RAgW1LsLn-CwxoHsoyLfI,lvNt0Lg1l9knQ8bpzt5VWHUfqUdH-XwB_TJU3IteV5uXtt8,217
PDJ_hzKIu1POZEiZQZiAmeUkFdKI8jnb_MAcqye9UOSJkMw,U2B2XRYw9S00LXvWRhVCi2-3xDoyWdMVNMo2xU4f7zDqZA,238
NuxJLDxBf53EhngnsChLzDBR-kLnaLWxMwOG48T7ogwffL8,PWJJFKPJopJYYhzlSAAmQDcnEni2yfS2pUY7ut6SQU5-MDc,159
aBkM68efke1S2qzw6VRvVdVSSaT1O2-BK2XMpiuXyPdTdcY,JvTjKnjNxym3RRVmh7JinCh8DeGtlbbiziKxPCghMwr0vWA,175
vIm5krrBTP9IMIBz6OPO1UAq7Z-gWSMpoiWGoTNnb3MN6p0,QhV31SjSgENCJWhPwoXfFNg1UZrp_oWdlRneisAFc8Sqxn4,405
8W2mtwWvyJBQVxMKEmHCt_F5DW4lscD644V9jMK4CgzI6uc,WlZErMtSE5WIHDXTTbqNGH9CcTukfYZJTZiT050HElx8jg,275
Zi_kxv3ZB-QEPgMfPxqS6sfYiWUzCJnSp84Nf9RoNSo6mlQ,OgzwM5n6mhoRiEXqsO0AyuY7bRpAsjd_iTMmwLDftw20iDo,125
4e8DryrAxmzvQszMLqllHz0ScEqxvwZ_oOlgR3rEAHIH6dk,GXm8ygf51OT5rmglc7g4ru4UpSleHyQsLmfxncIltGhz7gE,99
orZu8N9duDmFxZ_33WZmmtHMm9jZRl5OqM3b-eFNjkMvwas,kxd9Wj07F93DhSLJDAzUeZrn35L7D2FV6fB-CLdSm64y9g,227
f9h2z1bQwyeLdtN7ts2vRYjzBDLsYk0nfJT06qp2V53gnbQ,eyHNdxFMBdhT0jqK9nX539O2fsHYanQUTBe2xnT77un7ELo,394
jKBc3aNSfbegy4z4aCMXR47KscRqbNT8VbmMQitIuD548Uyw,e5tXwhqQx0o1t6X_cRwVz817W97FZMO4eiZklYqMnz3ZOxXu8DCoOxOS,62
gvkx2TH0huMv78E0QdPN0HUc5BYmRJLSRh2TgM7Jz7X7oOQ,CGy2cEFC0zwUX3Ft7nEEbcL8zrLqO9tAtYz_oa1RcZj0QUQ,189
BEtph-fvJ5UJJsVDNbosd6Gy4Obz1hhF1y5pAdEDB0QixhE,5U5EmPeBRHcvvkifk6yeo2yZ9nWuvyxZ8rjp4PHl-lA13w,262
z0C5u11E_2FSB24aKs2iNADnH_qWx4Gt3-ZRqLIOjfje7Oo,GQHNIT67mi8vYzWpfII1PCwuDiiGLc_4irv7yUkyNUO2R9U,291
SMOx_cGwdGxnqX3AP6ddYSDxiMPboWIktywOOcNx_eH6Gt8,8Unt8W3Lr2P2FmdfZLMj9YaUkTJr3rXb54UZL1vzNzroqg,317
f1z9G7tYIl172zZp1h3hioF4SKm-LmgpgK02ZQEeujKaxlQ,1OB2X9n_XoEoWD9PXz4jByD8o3I8nqUvQ9V5xRulmVb4nps,319
C4qXPvL7rlwPR-GrxvQ7tjjgnNtGDu5wIPxr7Uz4s-0dNN8,Y3Zke1oZRmgtaWXIG7v_Pt1kV5lLI0ge_WaoJQk8O-10Emg,251
WQICMDCmLAR2loODDZDuErKvhUfQlAkm8c192q7HYTrK59o,uEXec3VqLdahYAUMKj0MZSxI_Tvh3XKny6id9dZ9sfjKku8,167
XIP3uCby0_e0nY39DYvu13ZJlrKY5Ob1ZMPTy3Ft5N4pRiQ,mZoaSq0O2OjXpqq0WDH_kaV06ALIrbKUaW51Pnma8JmSgQ,275
Sp_PUdvQ8fGXG3eiYv3S1lruVKdySmXymPL_1s1i8qqiRdg,L4mk_JXOUX9nq1L_cJV_fHd4qhxiUcJd1BUhHR1iMRBvtDw,70
Syngx2LPmsq7shtgnVvA-O2IhgEEtlb0cnWrAaEqZJILzxar,BfC8L2hq-nJCor_AvO8dfcoAgDFqPJbPEbl988U3RSdSTdR-BjhzW0lc,65
p-e_-fFiE22xShzIhcsEItXK_Ion_FC1IrO8oDZ-i4GxE4mn,WXuiXh2Yk2-EqP7D3_Z5mHTZDZrlZ91mv7Gl2RIct5vcIZBKGHn0ihud,49
-87yI4MKPJV2KH1OIX3kwWnZZ850bducUObneNnD7iE_Pu-o,Vh2DxSOXVoUfKs6A9Eff_wtop17mtD1j3VRS1QfZ4tmjTEkHF0_IdP6m,43
eKzxEGfJRr4dgOeeg811vhsksLIymPDXQxrzJUBiSRIui9Ul,eRMv7gbZy41eAQ6er2tv4jXAEkQti5lnr2xuJPm4Fa2eIDcUmK3T5Yfw,177
3bEZ9FgZIvomW1BQexG2IWbWkxl6aQ_2YWT7iDpmxPwxctQ,PrMXSreNO1ZpEnMTBFOS_hxMgcQQNwJ4YP3AAkIZDbUhOAs,317
dJ8w05ZMgBya_t7i2HzlxEipNzWLFPvpUG8I8fEcPx1M_uw,3fchnOSKtEqH0GIqhdumRaKBV5HqyWZVi34nkJfBH3k8tzodNIWCpMG1,93
vvGrH6uDnS7OboHPyD1LMm4nrxAeSmf-JwOYUO3PX6ogu98,iD9P_p3lHdFJFjvSUGFmYnhojIMquVfio3TlP_PN4iGmslrlK2qSDmiC,94
9Vpo8WLLt_NkbCe1YUyWG8KQAD9-VXYOpjWdJcbMhaZ78Oxq,lzOF7zQ0ZCa--JuV1K9BZqfv_7RphTVylsd9djW5CvysMR5r5NdjaiwX,143
ytBfEmJ_j77HIRcUiO9BUnw6KtoGm2sz7wMboXo4zk0tneU,VhtZ3eBCcO9DPAP-_1V-1NBjdtUm_pj2XwowYV0tpAOOsQ,195
TIjAqF9IPTdzVXzcn_1wZPFznvQ1T63oA7HacZjVKWb8Y1o,_2BBhER94GhWXNH6joOrsyplGedFND9tZJEDr1eOgO1GQg,150
3jP3H1gjf6QvlRM28W7Ma0gYph68bzJEd5jM-KXonmjjgLA,f_5wCLao9zBlcKMM5KE3hbAHj1c7JdmIW97bY0eVlCzcdw,260
n50McOM8_u7KY5kITpwAiuDD9p5cahGjc7qe0CGMkL9sV_U,NbzTqJwIANYbCce2FM-OWsRHQgeRUbdmw028SVqK8z3G6Ns,260
PVfyN4Wo_O5AoGlkiyCQFj5MDWgrne5-W7Iq_xAn9INtYB4,T0f8L-6DADGFaEjEqLtq4BWLYa5YhqYhBkWZJ_erDQXf9qo,151
Z3RDu9W9lyE6PH83lhzM_XkrtkeS2j_e9CiBmr0p6OUiJyU,PXEQvxeBcxuKzUcjF08L_z7evTsYIIW11qF98hkijLBPJvc,279
9_w8zy3uwBtSK7tyL8QReXEaYZ9GWOGmsusXtFmgjErm4qY,C3A2LQK_hu6ABIf_DjvO7QGbmysdOYI8t4HHLtp0_l1b6uI,195
hRpaygQwPirl1Pkb57qfvGknIgWMY6K3Ac_2wl3Z_wW3ueQ,eFk6ydyC7rg_-YgspmaySXdaN7ILjaLiaQqHXAg8Pb2eEm0,353
aM33up_O8h756YknhtcXKjjPsvb4TDoWj2JERI124bt-v5o,7hh1z9yKw2X9pPk95CWv0oWdNVu18dlAFZBznlIyHdzYFw,292
47TSkHzGGmDIhErhOtrl6sBKr_tzqnk0_pcO4rNNG7DVM6PA,c78UWbeMIkZhoK3s92qrgkOejp6UT6y6iVMj-9ReQ56m1ZcBlnUZ334O,75
108Xnis_2fPaYQBlW2uvWrQpejDVj_sTvr9qzLPWPAlpRgLj,ukpS4TdAvmnI-nF2Qe2iJGX2teUEQibwN2h4xN3xLUAYtLXzNgs1Yrlr,70
RGe30gR3WKeQ05I965SsBJANj3aa_iNjqwCi_ALDuqmtRKYj,q_0vKoUNGiYBS7ToucIGiMxObUlJK7ZB-JrMLENNdtTEIZr1NBotwy7E,74
ce_gnCeoVdPQc7uS-VjDETCPLL31LbMd7v3mXyj-g9vOgtQ,lKY5fR2Qge1jXrI_kSrW9S3ygQ37L6qYEs3cKENbHizdHG0,405
XqaWRPTBBa8ibWX-tVgZZNT8gaEYoWrfnbxcOgHpX-BoUpw,wqqDb0KDtGhrG3E3dcFHLTLPJpNhn3cAN7TCvKOcgImGFvU,160
DWscVj1xl5LyWG9fOWvJtJ6K1zEULLQnUAG5PU9AgV9YJL0,M2WZpEWXrxBSgOp6TE7XGZueJ2NZ5n1073leMSpPGtSF_F8,201
l0rMA95J3qgHQy1X8WATRoj7deGeh5Ugib1LYfA-1Kb4q1w,pY2ZiZ9plgpBGAPo4kUgVnz_2EEwsazt0rXUcgNdAeth79k,322
cjlloT6cd6iHckP15RlIcu3dyS9BJY6plwSfUi1oS3-cMe8,cpJ8Fbt-CXdtzdp-t1-EQtjBvUk1ZEObAw6jyRo-ro5qeg,94
HrnbIk8zW5vpVTw7RPJQMIa30SQLO1n4eb-pEOsaVwY4TMA,Ki6cuAqb2z7z10MpJ-jwhXo2K7MLTEHEuroJ51tTUlSrLd0,116
Gyms8AkdcflMtrX2WofDDaGrAQCLmYJuzM6lgXrWiTNeDi4,Ar109d4RyA7phLCZ5P43EOGu4uRGV5J8WUwW3Nt3gBw_zg4,78
FVImWgMxDutQH3QA99DEeZQyGHkKrpxUhRYFZ-E4EQRHNe4,5UDVLAUmeku4YLc1U8jG0l-ICZl-Hk0KBKCXJFmHZACdFQ,243
63iLSuxwq9TbOZsHvWV50DgqvZd_VHjKe9lh5L6cru8Pds-F,gp426XfaiBB9e39jpaL3AfUILST8Knr8SOkf4SG0SUwfNxr70BYFNxoF,130
bAeTNKbNgMsiCCyTYkTFCZSUoXBklP465XaNkvfzPBaUL3o,R9OX4tJnq8XTuFZn9gelWUF7WCo0rhBLUu8o27tSa7815jQ,127
OtWv3fc_XTGmS2ZQtHqtI3DBrco2tLzKTyGKEuC2OeEG-10,hMu2tHTwNCT1BaMdICFZPpnQtsOJe7oIhcldrOV1nEnB9g,171
DZTvKmYlOnVsaCDbR8Gu-XBTjhK-esQgy1dFDjWEtS8p27E,p2IMIvBfkJxPdJfeC-HkNC2w6NNYl2T44vprfy4mkS5dOA,238
QavsOWbaMKaDmUqIi2HZa-_RrMmKodsmAGMKCvaLEWaN4Js,tlNmbq18xaGyEPMACGGhzy6WxSCnUz4fem3nOAGbUWhRWw,167
UhIGU6NnDKHAPndB7E03MFaNBmnfoyrYeUnz1RtZeHy67zoi,mntE5j3e6fgToM1cAsZKteSagHA9vpi6qVim5BBgdlWemPaf7wgcbOyi,90
uAsjHPO7c6GCO7SnqOkTWyIRskyeG7-yL5BaY2vAVy_yzuw,58xswzMx3e9azVvG-O3yn9CnaXJr6nnAiz1XPlS4UPTBUq4,60
h7mea3AQQDLwB4O43QOwzl1UP9AY3nC-gK0YAgURj6fyTwM,5HwZuXzueAvdXszuqi2Pc8GUM4e6TodS448FWwKjbixdBA,182
oaYAhX1B66BzFP-n9wUJ4dE4SkWnOmx3_9aE3U_5O94G2fw,bxFiheoRWPos2WAzKNqe2fuq9xEr6DEtsq1-ryJcSRgQmXA,125
erjhSJxuRvM1kNqvaUhOszTEXyvTbRgNBo2vOBT7mx2Ci4g,3OOZwoadhZ7XcY325kInAckY00OHHEqO8maNqmYuzujB6k0,186
g3phYuP3LRAtLjDXE3gGCWoLNDKEFQaAOnXpbenu1Oy23WQ,idRW7J7ExglemqFPIJojaZzCLlrA3av5ZxFvc4uVWayHp4E,160
D0_8vXxVChg5qavA1E_BLa-ewQWR6Z1CwxQBp4vXc66BD8g,2vKmG7mpI_UQpaXq7qfl-PVDNpjguwsjwup_EWlZnIP3vM4,67
XEpHiC5uOtTPCei7_QoxpS5q3uIx8SFgOrpbwM8zjDvzJ4M,uDCpL9qAiyeE49L4CeDOAd8iOvGZkQVOt6cEWo5ASVZ7mh5aKadWnrdN,95
oo5zQrG_0HMqxS0U2Klx3g7ahD-gegM-gk1DPI38TYLjKiU,ViyDaKiorg8VZn9yCbveveVzUXAdbI8mHSvVtQEGuSqXM9Q,373
XXe7z_-jXOQdYVHyoH2PkJWdVNmaHCuEYWbl_7D2YLQDI3A,DgvZz3TZCnoBgsOfi4h6LsiGRlbJfbDSBeWRWLvO91RJjg,258
oiItNfhVEF2ARvR52l8NZcEmCQkWGZCSBp7gBL41h7SXbUA,D8rpQ99VhEC7995xYcDR23DdeAxAphBnYnOqqHJKde_WMA,314
i_VWnDF_PHvxjn7exxMvt5aI_GJaHawdrEfMywC8-dwXkIQ,ggsSg2jIzp5lZOCs19YZ7-nhxCrHtPbwFR2TJI4YF9ce5g,189
ulaKzT83XbiTnVGGJx4Z4oS6RUudY37wgN10n6YlHDy5,Xhz-JYQq8Aq8nEYIqVcV_rm1nzPxs4iu0mIJYc2tk-4,186
hF61JPrHrZaYAIdcaSj65E2zLRMbY1hPlrMDrCejh5SLBCg,Wu8BUmzkZ2AeM2AVvKN_bXcw6lqew2zf1Uh4i2qJSo6_vqc,93
rcl7ZTU2TSrL4bZ9UHYymknlVlQ3qGt2wczm2s7HX30U5DU,NYgc8m1cejySjIRowdmWgRyxEwQ4umJ6S_Ryt358uNI1qkU,68
NfemRUx5biXu1VgvBpG2wCNDmzoBBVWj5wpckJXzeM9obkBO,VX1xQX-M0Eu1vXtTV83XWlf39K7KxPTKEd_-Dk1sIlVW3IzgQrF2P99G,48
6A4Id06_p6loRTzdnqSOJOTznB0Y6EkmnUcHLEWRa9Gybgc,LafbqJ9_IDeTIeRhvR2-WGLHwjBoskhwj_4G8Uo8BZv6L4c,74
R4OXcLtsHTdgUylRdKSgWMIOf-L1EkBaS1IIqi54FReDi2I,2o3KwO3NCw1HXq-quyPkirL59q2V4NHfSsLbTI3a5KrOdg,298
kjbVoW-CVmfAjMQcsWq-R_IG45kJGsDwnRqeDKAsXNWHsCg,iPkypJbAZpa0I548hiqAbylkVqaAxSrW1bFv8mOZOquFvYs,87
kudUkSaBcEUk8wU42hy7zQVvFXtzx_-OjosHezh4QMtQMtOz,r1Nh5PhfjbdQVIkNTzcLQ_wKgecRdcZZCWheG8s3mfMqQIHPDD5_G3pT,41
mUSn8fbyL2IXMU6UAhjW1OYFioVTgnOzr47WROkmVTBR11Hs,HrNPWO067WhFt_0_So6BzuuFSD3k7C8LsNN6VddO79ugWnwtibyvWzps,120
OV-bl4vfVBejcd7qNqmpDHg6TDUCqm2qmX8qdS9iQTCeSHc,dNk_ZmzYEVQaOz7soTJmU_Jde-0oQup7FqtJWTw1vwCgJQ,118
CM3vgfjDu8-tFIFU8C65HZz5vcOjvkT-2wkAkoxAm_45-0s,1SgDn6HMTp0IVpaf3_d2grXOPzaEJ1wPWcyhDIukbJrBiw,214
_dHlE_Y5FGcYDGo58J_zJxNHe80t8xI1F9CJajnwblZoFeg,3RUxfB_lqmIkvxJgLsUQexzB1BqPUe8e0AFZ9dlls5AdtzQ,106
-Q-8BId4BDtLCWNEKzpbx-6CveLy3FyRn554slF2eb7NBak,aHK3zFR8FfJhbz20ymUyAIUD6pNKDYm9AIb1SrrSN3dMEF8,216
vf7JRb9VqtDNug_FJYjsRwCPfxwOmDGpVpDvC5WWbs8ey-k,pe4shefAaSpoBMdA4uNsKxXmvmZENBaEVRyrFSXwoCrLyYI,201
Sty-DG0StCq4jvBgsQ2ObRBMIjzu2A_WQ8jRc7vF2_ZvEmU,rAvMPv95U4QMLF4G7HZcnQL3OheMva6qTqXzwTyxyD8MuSo,453
w0mFisNH5ypA9z_4LvNdcXn523jIFcakMNLWbt_iKCPtC7th,lk6Woa2QtOC14L6TohMPw4ek-MoIpDfL3PiH5eDbbeOwtWI1q9_RhWVt,65
BwarmMMtkjUA0JZ0WwoldgIY6bW6hqOlAxpokPTZGSzgTsJ_,sA9_C16j_t1dUX8fF5skd4HgloGTR5_QCfL3eZu7Zd81FQYz-ejFV5Sb,116
df1BV5dlJbvqfmN3okBcraYWEPVxO6CBXB6tFaLIZUiKrjE,0n16-TrDub1OfrBb3QT330TLKmn4XqyS8JhvBwt1MDbkcQ,277
wMup6mKIB4Rf96O8NVmAleZFXxseQMFwiw6ezGczspfjMMc,7sO9jitkvjJ4I0or55pqwSzX4O8TYHT_B-82uUqBdeoA1Q,148
iGoQewM9yLKg6DaQ6Qwq7OuIl-iai8Jd6dKOp_aHBDlQkiE,wGA6Fn1PSLimZCvHqg9UI51KNFLx7tf6SChS_vvbHLLDIQ4,184
L-_4_AGL2Mc8Lfp4O7rViBqbVtHVxYNMRkMRPEWlCA,Sxfxu270YJ7LYdGYoZOf3GHfubCL2vnpTXcvfozfzg,216
E2itpqmid-wQhTvcAqpv_03cTQLgX0MJX-rgK3-uX_sjMjDo,dPt0loonM7oXUvakN_HMXhRgepT4hey-WdvMfvJ39seXZEkUECtvE1_G,43
vUTnyGlb9_R-hHKAAnCB0ykGIaC6riZTJkcAgGRuR5eM-i4,yL7XRP-WE1_WUOLVWh_8Fl5Qv1KbzAsB14UPjSfveQfiTZo,413
NfVYcrFzFv9-VLVWzCISJQBCLLQTzlY59KfbX6s6soWagCM,lF-OXeT8PEknNaCvekfiMDzDtfG4qCbCbHlGZywcvOrair8,183
xuQuvJSkukKK73MVn6evZW66Z9Aqh1WnPDfMDarSSlvOtLpo,oTkrTtBVEU43IW2rxfEXYfRGPoCTYry43qoF1bE97JiipKt--MoWPrhN,79
KXIaeZYdzdcHUH8h9XAMLwIyruvbBTsWbcsOlUME15xdvs3o,bzGsha4S5bmfE8IGcdkz9C6tvekoH751OM3BkvqexQFjRcRsBDwDQeGq,65
zaKZB-Y5mLDSd__JzCsmqvyRliSNPBeUZUWgsKIXKAh3Pvc,R7415BY9Y6X3VLrJr_ePAQRC6gtHFQbA1lF-oQmbaP5JgQ,150
fcKZGMMi6nm1KYpzYX6tUmsTQkbkjsFcqqecW0IA0WnL9Ic,uHSbOIPx6VZ8JNx9WQesAPk_6x74wSaLB76-BIVKTex_lA,206
laa4kVCo21mat7Sl7AEi3FyWgNmavtc-kIZYQP52z8E6-_4,B9U4BLiPmXNqZJkoOeA4zPfHWkY4zr7KALUVN49M0LApT7Y,204
D1ci-wT8fd-vjqRg9xIwRuv11J2HZkWc4_NFH6uAKw1wWfI,Ck6fq4xeHFUg-8T45UYjtzWZH04bPzd53ehN0Mp58zzj758,130
k0VsfjbfByKG_XxILfqVGhJLXzamzdfR91cBVW8tsCiRYGw,sTMzUqHnDaR5rZxgXG0tRt6bmNX-JDnj7aIk4NwVZA7A6HE,301
F7rCkl_XRlMbNOc8N5su10nZKfmtFSLeyH75hAqMt4ZaLBc,phrjnCoKT7tVb5VyG3_zao0ETBNaFbR6PCnbASWAurz8-Q,213
PAq6gIcE1qp-KA2or07fsGH_8C4MZzdyZviNBgse8As1FB4,i0CbV-qUSk7Zy78queSoKUYbh2-32Xa4cjrdhetfSGzZyVs,130
R_wDRuhbmn6BAXnEjhCdY3YclNxWfGFs-USIIN6bZi4smAc,nDNmh_6i4Mm4pRkmGuyLTNjG9FxYu_LdOUMkFwfKs2YnDA,184
fOZLaBi9kWElLPmFcwbp-RWnydcMJeK-2dloQjdvF-4GmcI,8m4lHKjz9azWNK-O_VIPoeaDNnd2V0OCwguGZ3pORd6hIA,222
Lis3BAkifnu9O6AKq6J9R9JV-S9jQ0t2FFHuQUBqXFmare8,3Bnd3qr20whiggi9sEoLTUaPp0pp7UP3wEx3aAGeBY_gmxQ,182
OMR4ESMqzozQZpSzilO2zZBld-YDvWs4691-q5bA9obeGfs,-AKmrdmYWbAkgN2Qlr0f9UA_1egLWLhk6I-42CPb_0rWKr8,362
2RpRqDWD8q3b5KgwcRdqB8VnaMpIQ9QD8PGTMVk3lwNh3jko,hvO24Q-L03CayFeLxub3i5zzH0rJhCuSKf6BmxPBLHMna0pDnOWXLGfv,48
qgGclf1rjShv7IaIkcL9s31GfIdz4YQ2E8nQCBZA_EGjO4w,IHQZlRftMgyNsuCH6FgzCDPc5m5YkhTQYwdcq7YUxxVbNQ,199
m8z-rIW2uCKrRsGEGIRd9y4BzA2528pzb2EwGfHoHJrPbDs,DCloUavDJlfaPc2veqjZRsZXPHY3-T-vhObp8M2Dyz8gdFo,228
ofk_u0T_U6QCkmP5yoXco2sMAn7y_fyDIScFkf6MCmy5B88,D7ksj84BdlPc2qtVQTmZpuxB0fYZnkRSZGFWp-BCebiFsK4,279
ZQBr6N3FE-XI_-1IZtvRcqD_0sXNTbeABPAp0gnViB8Ymts,pI9njdWSlb0jFtcrk1fbr_bLtqiUsXUIP6A6oBolLENhrg,164
jFC6fdvfwkgpJJVt32-ovkAKMxqv1zxpCZopIt3ovXvHKcI,TgsEkalHEkYZn6fjafLuf0ot5YPDL9VISgrUVhaqxAQVyKI,76
eTQ7X4FYx0VHc2WDwu3HASivwDGL5LPINMrcS_a_svnPy8s,BzWY_xcZm-cByMdcij3WHZ7eothMSzW0xVOb-3eqHFwNbNo,85
iUBTeuwYiyOtG0GHRHmDsovckLv7hq6ylIETfu4euLR_7HU,I00yUsq6Cd7gAr_YhlO7b5rY0CmUepWuF2W7Z5pu7h6IRFI,139
xLGxaml6cQPj_OE7QvPDl5Ntl8T2gL95vT5x41wAVYdxVes,jk6Ro7f_o1RyTNHJN-xJJ74BGiGwTQz44qbNaG8y3ccDq8g,365
kx5_x472qwUqdkgLKCoNTm8kiWOdzXkocuY0T9OaMzpwut8,7_9VhxnsOxFvmqFqEQw6wB_deoD9Z91sd4aTKBnSOdTgkQ,232
BxIcF92W1hCScPvfOW_eGYos-hYzgpOwEFCo471fuBDs-CI,oh3NC0LYZZZ6yKI3e--Tvx9FoAabfJ2RUbzi69noRn6gcOw,244
zw2EH7ZsGPAivUOLdSsnwepEoygPJZUA20X5FKUgp-xQblut,LUpkb_oCXREJSEumDR9y-dmFuvGtKslJtPWeQ3hIUr-sy7ZWJk2ejCI5,68
z4DFvhFBL22yUZHeV2KmsXz09XlqxMNvOa1T2OqJIXkAXCE,d7X73rIR6fCZHA4UEAirME8_78Z_qA2LLQm3LMQXreeW9A,252
UWiCNxX2TNh_ugLeAys4IVlLatrWIM2jEHaK3Z7IZCP5mcw,CtFod9d07PUyxL5lpux0n7qBB6z0aPYAhRxzJSQW2bas-oQ,297
iZxO5U7UdvEpKy8-6TMgXJNQzZqmjYTGhx0ujSx5ks5CY5tn,S96bJAyAPn5qPG8Pv_BoTxVJcw4b-avrqXDbp5V8Av3jfRJ21IrwMtVk,89
sMZYUaqndbopyNRWmd3wNErnHhQFIGqPf87TRhjS5GkHqFo,lHDglLMFkWNqdW0DLZEl2jBA4Oumoj7yq1m25jw5WyruXw,345
PcsA0jvN2soyrkju1e3-SAvT2k9uJbQVNE4DlUluVulL0pU,j8h4a86EtQEz0Os_HIucMYnoINGfklmZZEdGdULFmG7HFA,238
mTFE08NTl2ZyoRQLnJqWYLndUew2gM16xsxdUydE2iPWdNh-,cUmWNHzZ5ynkkcn8i5WsLui551S6Hlbk_H0RB5mq-BNptshbygppHCvo,80
TuUKMV67Mii3jGIrMyFLUoHBa-7QHBaRrm_39rUEHwc1FMM,hGrHAuBtH2HAEQYllmZv32aGEAT7xdXkUsU_1D9wjHduoQ,121
3wAgiNLD2cEU9-ksHED1Q0Rta93RL9Ge-1jKwhvb_7nRhHor,CGpcWI92XxkaogTsHEyvo7UvrpOr5IfBoQCAeCRD0ejTRdIWMrdStr8H,57
Az9BRNQfB1ghQU87elvNlmbjMIiHtptWHZlL29QCZAfdbeg,KGNNyudU5mBb3u9d1WHCdaRlKnJTMfpzYv-0kXr-lef5yw,273
XcDEmHu6fhbtxszeA-xOPyBChOQ6vYP3nAL7vKmf8B1nSw0,6-4NvVM9OvWkyXthkPf44xD6oRO4QAQ1hWAiv4DOdufmvA,186
ovbBXbqfb0mtkvcfKUCGuNlnjuvnRHlD4lLPjLiHR5QG9D0,yBe5OIyWPA6FsqKPwHQqoGNDIj8Q8zKRyTPKJaTAmRJamg,277
cTgUGvZzw-wCKiqizyS3MV1U5SDWK4crQS59i_maz7vhcqs,H2BjWq3PvHheaWh-82B_I6ANIb6XxFQWBMOZ8THkOg9Dfy4,140
jZTlTsazk2WsC-3BB9eAOsXubiTier1QTQJQ632dxuRvZLE,-c8VUCFhYIKepostDwMzVDRLBQfM2EAIPcwAN0vNdqwNefY,187
9tPP0SiNS4WffTKaYPuTUTIkuAEWj050gqqD5GElYQjWYi4,lS4pigETYDkqfr802JWC9IYSNcnEbQKFOG8RVLKXlEVvtQ,244
2wlzuDSZoBr4XUsEqB4A5RR1WWNd1fe9qbr8esjrKTlXIkw,3uC3BsnwcfdDDg2cE5hOMIRyPHhNlUlbRD4qcpTCnEjHLgY,132
z1sULZadh0fRroBSBAZnRqIY4VfMSzrhaMDj80BvKnqrLUIL,cq2IljVSYDzkVOiNraukwN-yo5rsHcHe5pHgGRsQzW9VYeH2dwzw5qR2,65
TtQAqWrmI5TN_dN6XzS0tn1l2p3xrHYP5pW0uW-5FFVr0ns,74alviHFO9ey8j1OMDrtoilQlMxiZ4eMGj7p9x42UoBdUw,543
zgNHCjXGn6Ax1YDcKak72Fq42Jf714d3UcLe1TaA0QvDw-o,b7u2blhcXMhi3vo8Oc4heyNwLLhvQHrPuXrjAvkEbPl-GaY,125
15fPi4e1KJIOqmA7bNiiB6Bj-vkGDktPl6HJYiknRR81DOk,54kkZtdMJJZ6k7BRGg5J_gOPifrd14wvS8igP5EFicY9aw,209
u0eFoM9y0NkKlP0hR1Q-1gh9v7uZB-4nitQMoHDn63CmMGY,qOPNgw7yhEvbyscUgB7uHNQvk_ydA6uOzVjwbLLob3IdqA,83
bJDEMTOKKhQyI98cuaF8lVguJePwm9YK0JXVrMidYZVCAKA,cRM8E4-C31BoowcMMXtNfUeyanQ7SbZM8WBPDl0BxqRRXMM,274
WyOkIPw-X_jv8eTfOiJqsyNKjDqgxQcRXdMLB7Lk7zvFIro,G3ZcJhASUzy_nezvZDSDbUazlCxjgauI8VTYzT-dxfuerw,89
4CX2j8xG5UQMOTp1dHBRg-oAxf7Kq3x0dhC4qgo0VGJqiJnI,IBRMgKqjcxUHPEhdPqBADVdNaH9Biu4sSWcgYH5kPFm8ltOZ0mZX2IlT,50
lrLktGJdW6QrjzM_NXid8vO13MYoS9womh2oZRipe4411RU,cobHKeBP_o9TD8j5j4BPdhSiYrFaCY5h6K3fM-byfh4g_g,287
Gj3rb-sSAmhAqgwcwfmVWIsadbeo1S88is8r75eh8kdTCVk,tuMdl2Hr1pe341EAn34ugE2ez5lyxGbY0Tp6rULuVNdtGw,222
s_8sdrdbGhmO_JzccBg0g9Tm_DcEPrZUjvvdwyJzwCWvpFE,afGyGwx1Syn7fDevc_DcuA6BtrPbo4BOEJEMLTFM93wnFp8,115
HF4LfuB-0i_xISNt7UshB4sONSPjEPDRIkYTrOwN5fxUrV0,2_jCRyPXoQfk9sORDRpIj2RFywtpXWyljJ6Js_BGbnQwBg,316
49bZfUx2qZ_19rKV176hcOk8NNecSnDo6gChQIehvk0562w,fZp1Jw-0EfL9zfAl71yYMsm5vembKISgrXtuYlZxlI55ng,206
qbQ5MA1E-dAEQEdG5G8BhcWLW_PqYbwqeKGpnZOxM2Clr-I,0rzeL-f7L06FbL7dqaaui_6gva4hQivxZ4MnEpa6TdGTGng,224
vWrs4J1VnKhz64YruIDDZPKF1BpF1GGFJ-A7nFycz9DJRz0,ljtSLOJ_zNtvtkv7nZ99aBqrPprvv3mJmvLeoCUEute1yTg,328
sJjXMkb4zZu07AVsGLn0rDMCLpI-KscZtts_UNKQaB3o_SA,DzJ6wSQhOpLirXO7K1ZLqv2Di1N4iUjYPI-czQNQGElSMg,230
mAXWvROJecc2NLjFYLvKWFivkf0sbIjQ_PKbCXdCIgu5SwM,6oFDW6gejUhT1GW0LIi_Xy776q6Vb6m7bW5Y16TkZ7rKQA,310
m55tlki8nRDI-SndxjGHLv9f672adkkQdgm_hy4v55nnPwgj,CpsQlPLvivQ78fwnGG9Vjk1H8zFi3KYnnHSoKuV4AKS1tqw1GtrIgcGv,56
rXAnUkGrFvHXTjh2c_lfJm1PByNtnG2vH6tGgcdXpnKYo7o,MYWemrISW4yRO-kuuWCXGcFFb4OqLJtVkCtc4MWMyZcZnBRFEkQmaKau,70
fw2kewrYH_roL7C3VDMIDfkDEviUBPnQ2mNVGr6cnVJoeEI,ydp7d69EUg1ndqgIcqtDQtVogo2xwsSyXgkKRHTWgakJcg,238
ZvG_hWG5PF91Yb3MK-EMkzzQXlqzH2x25KNDuqkxIHwyHA4H,ZK7RFEFygzr2RMvIZqUTORo4H5aDIRE-ZJIOAmoF38Xmt6WWBVojZFbt,48
8j8LkG8njd_P121RVSBruhU89W8XbhGOHHyI8BwJcW_aiN0,m3b_SowisZu1LZH-nke9WHW91bNRxcVVIJH-qb58LCm-EOk,132
MmtQJ3ybtnZ1GGlr9cGrAMiAmSd4O2DwnsQ2PhXfD7hPFMk,hh5wafNlPHhwlEZjQcw9NuTvnpHSSSlLfE0oGQy2aHKH1Q,298
1txY4aRMlFcwMrdCR43_SMltC-HIBZLRKRNY-6yyre3fRbQ,80pOL3Hlbsh0SwLtUQSvYFpDkfcGmhEyBZuwQ-l8WTLcPiQ,108
o3IdeZvdaP07_N4sNYJSaRfqh1wwcG4oKlQaQqgUR67xIA8,5RTC9nVW4aVYZJ4IOvgdTwKaNIPiOmQEyPXaFtxa4AN8-fY,153
XNtkPE06GaSga3XHG_N4dWnC_fs0zddrBR65zXUAxinBzrCA,zNoDxbCQYAE9zw38dUsMjpdvS0bHwbF6qg7uN81N1J3aR321Af4SeIMM,144
RNG4ch0OMlxxBAipiH1xre1aj0BD92qLZFhAtWke9-0AQQs,INukj8_iTTFLqEyeN8tQbfOM_Ex_p-Zdw2tayl4qOdDqsg,217
WEs9C8W6qYFApeZ18GR97YTp0dWhgb-JXcOgKTDZftuGZ5k,xb-hLjjwM7jT5QXypG-OYAIidjHRJQ6xEb7ly9XwawuLRik,254
ySDL4bJii9wzApjzwbV_frrsq9sLpN9qXdivtu6b4Ti7l5s,peQWYI0v5zPXy1BFhXiQ0TQX55M9jq2gLlaDquGT9MzDkQ,163
jZsvS3t3uvEUcfXf-jFjTa-Mxb5e_3eM-WxRuEKGTdSL_tU,RorWSw9tIW2wcXcDNfzuZr5Djk0bVJQzPEh7bBaYZo1Khmo,171
COBXB4NoWO054ObfneNsyEmp3Ilf_co25d5buzL4ANpFSpw,0abM0V8eJQUYJVpdq_il4Vaoam1kwrIbLHUt5SaOVqo6Og,189
FDup4SCOwjAXcTqrpJ9ol35y5omk6EHcluLlF5whhaYM,CZvuBEasEKSDQRfBi61etoUGOZ0k5wRgpmelNjD7WKQ,87
VIQ_ScYV05xCQESdKpjcjKFe2rO-Hrb4gRm8jWPcnAZmNKY,KFKKS-W2UKOTOd7XE54bvWXDFO9ZkEKI4gp-15ff6THeTRU,308
3cSS9Sg0j5Kn24O3WYe2ZFIP-UXdQ0EVShAOJ8oeCobklUA,uYN5-Pgpt8HJwmyZcY0Re9hwbrnjbjLMApjpF5y3bnilVA,164
P5g5tmbVHkICb7FMi_eAOmzDZ6zpzzFR8P-K3gL1m1Fzqkk,op3pEauQyNQQC8zsRdL6Thz2WLpUeNJeImcG9FJiA4Wdv6Cvt96Kv_9r,112
dvWrPRc27gkpoPtWXNUUFYCmrnBoYGtg0Rk-jCe3fjU0ii0,YxDwNizAu_0ctI6I9A_kUmPuOEAluLLRu4KywbvLCmzdV1g,123
8OXSsNFFrJOuqnoaMLY_HWez5FmTTZBXRU-6ZMduaVDf4ZI,d5bk1rLqqXs7RyNYhybuKZTwJf-RdaecUZQvCC4k7GcjmQ,268
TEzPM-N5Je5A43uvOp2yu_Qn2pFjeBDwudpQ7NsGQl_5qps,78_C4I1BxFUIqNyEPJcCpxMQPRqjiuHgn4tsK99xgeDUalo,166
L_UaCuMqUEATz9W_6mdmHZrLtC1B8x36Hjv7zAT-VZ2jTjA,iYvQKya0GriEgmwI9Vj3Wp9VBFO_lKeoBH6a-6odEx5qPQ,148
ezE5nE5n3GEqc67QyAydg44-AUiWqG4qbdzNa4ZsyyKU9kU,QPT409mkOVL9_6xAD1mo7HtQbkB5FqUSbRgQJk2kmhukF9s,222
yUtnZzDk3p6FuMpdCbQSWokiLBXL_32vCNWN6SZtEfPj2_8,FPivlyj1ac3c5Yxu61FQgYHp2VltleMy0Htai_8IQgwZLu0,316
0qenJZjuPsumlhhA88WIG-nn4--8FMZwuoncO555TlsCuT8,TSEHnBC9uGiBBqiG40o_qTmWPSbgPwMVKmYrp1j1ZQNnFA,128
CcN2n8OTy9f7PDM5ao2h4HlQZM6qSf5h2j-8OUTnEgnS16o,AYHCzT8CVG4g_qjGfF1LzO-97k4B4Ip46yJt4NU20IyPxTs,254
zj_nn5-e1HsWfKJ4f9vtl8MPl-YYsjI3xsC-gxxP5vDyb7Q,iImzSuKxgud5kfGO_ZKJbh5IjENHfCVxA_kK0DM0GjvPgw,237
Hfh6HRlNe5Ohf4xDUk8g4l01QdUWhzWvtwP4qLxxKtv3hD0,UxgKO2brsYUTyT1579orXqGLC5SWbo80Vs4uVk0c5FFLqCw,120
ETPTk9mIG2DF5A4HdAr-d28ENjXCkgk9NIQ9LPyCbb9cDtA,6sS05fClY3T0OGTIVbB6fqSSjBu_oZ6_gWuMw6JQBM2GIHk,233
303f59dYRGp77W9vFHdY5VQLeFqtNwQZp702KL7XcwiKMOo,oNkzDzoL5EvA4lNicQJQaKK3Nez1_hdS-dB_Ka-i3VHCyw,139
cRxEVP_zVyAhbEocVLVzQV9tLgwiMxOBSaVGrULUHKXaCoA,i4RIgJ7bZCoIsSFsPiqlce6x7-jKpPlUWL9gpKu6EeGz4A,65
AZsm8FOdHnOGfWEAeHwmnDKF1LGzZ0bLw6NTYlQP046n,mmwV2EOm7hbqWEKXP1q86zc_BSS9xz1l_jD9AApg6g8,119
T3sgLhtEy012RBWrRwP2sR7rlTijONfvwCvSy3dsAxK0o34,oMGi5GbgtRP4iUd95qawyw8vsK8XA1D7dwLlxG5wzz0xIA,66
el15payEzWeEP0ZNExlksCeL64YDJbomYGLV5cOyuK14_SY,Cl6-8rHjOo5QhxYZYgXwYbOVFl5oah3P8-0_e-WvQii4IA,146
psugasOcD-y17JP5dSAs_5WhhlkNnthaAgsJ7hJldcg2Ycc,PMit4o1qBlI4TdXdw24gyPW4W6aqcQfWwZ80vD8llLlBdT0,214
lPa00yzQYRPZZCDaw6kN70dWscgnuENf1ou4hr0eE09Gqy0,Xx2q0SdBMnYyGMCdKwGIEq1PPAcy7-px_cuaaXIoBbXOpkY,137
ZVhoDbKHO4bJ6ihbqHFpyq7ex17vJWU-d8CZ9tOuAY2b1h0,95dwtsvAGG28vG1h1a9s-9NwIIgK9eaSp8EfY6Ls5A7ZNvc,87
YhuopUn4ZqI4skbcKRs07-Sh6L1cN1cU8HdlT7OjC4e2UKg,uf6VBaKEay9u2ysy_9RdhhZrxwd-DtK_OqFblkjBP0kAEPQ,228
a9mRuw51zTKzTsw2ASrVbt1ROM1VCxFkRBCC_BwglCl3s3Q,xsSik3LeY0IVjSIh0yKv-yl9dB-zX6ClXM8WOx8Ij9Ucsnc,169
YM5f2Zb2oZq_SoASeVmF1vGW64d1djSGuw4iRwl2W2HpRDc,RJIcn-Hammj9son1O7Z0tN8h3X6pxcmdK7zpiebGeiPPsw,94
ZjipybibVY1DOrqVulL7E-4nvlAkqLSlP167SGyixg2W2ow,-oFpZEUqVhSR81dvEZAx0ZcRwqdPwLIhj-5smINEGrvpNds,180
CPGjed20quLeSfRbMEb9CKRIjffxyw4R_XdO7SvkEHA8XpUx,yemzwbuV8DcL4YyW9WO4sweYalYTTZE1vbAoZu_thV0NeJxVreccczta,70
cGhhssgzWpm6tUwOlHz7oZ0gkvfIppCbCb036LDFoM57IMA,atemO-O-yXHHeqQyJ-d0jEP-uItUcZAGvDrIQpUF4ZZOFJFIgZQvsLYR,74
cWkP1reansoIzmFmbLe-x83mZXMfFGvshtnHJushm6rCO_7g,TBT-g3nH0P5pY3v0B9LheIZoIAbbRJQruPrnyJ2PAbifs2E8UMmoykSb,74
a2bQKQR4zkr3bqr2N7nyUV0qvtS-XWaCLK2LgQq0ebvLzBE,kifXtTUMdiFJ1qtZ1mQrUUdxGWLsJNAFd9EKhJvByyd8FA,195
zTbi13sxjI3uXDrSgsWjn3Dk9kFtYNcuMaMVSnw2NiXE0-A,bClFxOnF2tXegSaEdgqFAvJOzioTS499j6x4xQgWrTEOkg,104
HRFDnXCvF7ssHhJMwg78ebLV5gKAE5Tld6qzwQ9to_XZ8YE,UeTi9iuV94nn9msDx6mbotrIkBGemVpwhrCPMWMcRn1dMfM,237
uNtukmTxY5-ye58ggCh8KxnDdYnUR8c8L_k4kMPR515HPdw,zzaaqj_ZKoND87j0zfVROPC8rTieO7r5gTMyhCf7Q75yGmk,127
h33q2ARP1xQFt2cxaQwn1bt3Lj0LASf3d5ak893Y8JNYaoA,4zLPijZIbERuVaBNi5VZOyJWVa66Xj7MVfndzeZazkFI82g,204
exebG0R0CFldYpvU5MgYQ8xP14ziRf0dyB8FXbGH6x2uEPE,KLD8Uwl50bC4WSYb-1DqJLe-0gy9TTvxrDsqRlQ8f3ObWYY,248
MOxXZ-CJK-BQ5s83y-cMF0QMJYgrg81CkENmAhsSr1NeeAs,2Bd2y0IBCA6VNb2TE_v_UUZmv2oMyjXc2R0NfhyLLjYksA,200
6Gpyss1tELAVwL7LbLKK9uek559PilighgdQVlTZJkastrSi,MfaSNNaKptRCmGkxYRSuywFZSK8WRhC9iZToX89dy6QzrnUYbjAPlGm-,111
lwzxWHHAC1f03SxnKYpoHFp0dU2PhVdxYBLoSB1fC9SskBdi,7Sii7f6eTDl9fcL4ykoaxk5cpq4BfLO-c4rB_046c6CgPu52SU83u45q,58
xQqpNLJ19A7sm6V9CPZdruZ0tekUWEJzk7cxgfVoT6Viyns,xFJyQxvS1CTktX9tdLROIoqgGTrdZGA2C4v1j3kxx9PGSw,241
BQUOsemrbstPgt7n6OpuTohDL94u-S8yK91gCYcLZO34H-A,eD75Kq41y294upABnCkjZcBYu3QvzCW9-lcOdMJOPWG-wg,224
_aK6BmvmedCMCWf6d8vfB4MZi_LXYc6WC09cqmg6OuT_H0Q,m_RAukctJVl0D3UhmH_evKUqc21e90jhin3XA0WeuDoGXrQ,72
ZdNBpIAgmOXIIn4MbZI2A_ZNYPgZ8YxMgSQ7LGJ-Lya_jXo,ktJg3BDEmZCQS0wqKsOdXa68C9Jto1CFcoQXHAY6OMe2FQ,160
j1rnymiXvstNucv5L88pl2tEQ1gBPw7IaeSni3ev6Wr1Uk1z,rw479EnEaKhTH1beFD-c0I1GLZciurhFXGKialOpI935FSeKTyjOtFvL,85
SjJaxrZI9jwa6oc_lZJ0_P7MvUx3A_gbUeRgGHA1hftgrVo,XDCJfNWMeEyBVhCqkHvotUk46I3dIDHSNb6Y69LCsRkyNQ,369
70d2-OnP4z-LKD-lUOfaGZIUQi8XDGC_Ed4zQSztsIeG30M,sycfdaqdNXDY_DqNC2uoS4Hx_9G_a9WFupAeBt4zKhCQbQ,183
oTtusfQ6NNQvS1Wzg1bss6TgG6mkhFz3lp461c_DbRzWO6w,8Y2tgGCxG5ZyhoEqkiWLpzwUUB7SGXxhTv0rO-eQTqlqMw,244
evyyCOV8fZ3hTiGM3JDqFtiqONJXT6NSj9BiXVM3-6nhE78,d_3tY_JuBHhUASTBMsjCS9fJBnEX9RMsZiPEuGeSSprgYwU,270
OWRbuVT7bDShAb6wvftOIkmbJmMK62HHtoSGVtNVAdnjSkI,4g5ACgrvOG5RxgmRys56l_NkVOdM3uWpooh-3j63wOfpX3g,223
47jVdAxrgjcVQkt7rc8IhCvBoU9TEMD_fFCwfwk7IBmFgBU,pN7uMOFBBsAcOb-5rUoih8iaEIlMWXpUbjReI7fzImy3-g,184
Y_0maNiX6bImxtrGfrvCRTefu86bB0llZvEfIuMCU9NJdJU,hEJukgImgUUyph4nI0vzDZxHppMM6SGrfT2kE1veiLr-TdM,242
7RBNdHZvJwi_dLbulXTGrN1x9fUjdn29iMrb2Es6SIGVqPk,TWzKGzsgrNLj3PDXpYi9JH23jL3-cGiEndPtZMa0cIDx5Q,212
VOK4KFRNJ8stxQE4cuCALMvmzITYN93VFL0pyYO0XCK8foU,jYmlaNXXKntZaOP8GahFH-4hmGgzh9hRc7WbghldssAH9A,283
liXkYS4s1ewqXmxFCEkrFmUKnOq1eptJAfEVkwCswAZf3DM,Ol8765ffoPT_EcRjUjhphqME3g7x6Mti0TeIMJr4Tif5tQ,456
IY2_2KGmf3nhmvUC3IZunJ9W1yo3uoCmznJygjkff_TzXD0,YqN3bcs976VqIlxEIXOB4h1yANbCc4k8BKe0a56TAcHfKg,128
KlPfMcZ4H0lGtEUFPliFK8DK6mK1GBRVHjGMPd9sGzlg3Ys,gi4tw8tCgsbBxpiAgaXlLzkR-rr8Lx_ijegA7hNYLBurNg,176
c9ijNgIK4s34XqL01oUX-9Wc9ZNymaOU0k2_d0N5HQD67OA,EtBFSeaoqSTkzxIuSUrihrbh7rl1uyBKsuKjm0_nE-h4PSQ,310
GeZ2sPIfoQQocakeXpN_OETW-WI83Jm4RcK2Jz1Jg2zvNFc,XDlLdL0DeXK0N2cfs_xJY1wZk8FS_-gc8Hfe0hmFGJa13A,223
pjjsKL_T4jbPwruAZyIslDEk48qHwqRgnBGHd4APRgQRF40,Nz-8QQIpxn7L7diss2MMFXlVSP_OyjUdf02R5KBT8Gj2fEk,133
PnegnRJekmnd5mBnuAeodHibxNTn76IXrA-LFue14YrsDM4,gT9d7PXvqyEQhhFrsbcL9tr_Uu8gy3mkYsTTU-6SM-Y3z50,216
ZmpWFpMq5WOd4TEeRSIds9PTjRTmS1VSaw6uVeJmSinHWzbi,J6iFV23ew7R_l7JrgPtQxt-FojzVv09_oHFFPEbRX9pnUAz8NwZTDUqY,62
VaAPqNEyar41-1wByG6eUaRh88wYuvzrq8-wNYlDPyyoXrM,REi0yVd4ROV5-jcIZUpx0EGMq19Zd-zBehQB9luCOUjuLQ,188
fbuuyxsfdlzCTgiXwRmumoP49FuRvdE_Q1hBfj54DERBB7g,B1FuYPanGC26eQ3ErekvtWhgpvgo4aXtC59JTjahJMKBMw,184
MLpgG_zB6ah-sBvf5fpiSs6mn1ssIMdUWIfo3mHw3X1isxM,Oz1WLmJJOJ-Mr9SlEOEJc--D0X8pDpwArOgH7t3DJlXhE54,212
geFPovOerUuYFukX-H8kXoV2HINl4zCylI2uG28tr93zf3mV,ybLF9lMnumN-mSEyc34Ry2PlDJFI1n6fhp-H7qE1vMHhVLjg-bBuBkyY,50
yWTuyBjBRPJnhkM4HFBuGSVgig5YgW7q6CKsa2fHNdQNrAQ,PK-APf1vVed8EKDra8ot1m609GBJMb8h8RGdADz7DBzCNw,262
8Nip9na_qnDYfXPh8UVatsOSxjqIEdLvn83TfvhwhNrx7u8,RnZFp0fs5aw7-CAiYNCLpQ-Bs6WbsBgL2tOuYWDx23Y7Yw,164
erHY5lmJN8ETsfPJ_YAQZ3LWXuf6fmE8b1FKWXkIOl0QbJA,KlTBUQ9E2EomDktaEUmGwpnU7WHxjlksMPCLXUChuyVn9Xk,236
Y_NFyUy8NebXt4rITDe_olm7WXwjtlLkrnEhSzQLhuolR_o,MXGFpDOADh_MY7WMAAPVjl6t7VPzAGXdT406IX33O-eDaA,177
p7mA4Zc1nmKKLY_vlDx3-KLDCr5pkigv8KsvJVQ61I_6VvE,nUM9INM06bZ9YnENmTxAWL4iRaxjHLpzsHRoUYzK-S0usQ,185
JH_BtQdYhJaQwUmX8QgOenpF66tIxzUggFYCcLb86hjyU4c,716v5Ez1OAxHMWftOz-_KOcdth8C8vNNU9dfUXl_udTdcss,116
B_zYe_v1OgfgmoAn3sCquaqgO0WFHUGprRfw5e0qads8MLc,EUZAcCgUdYtFsCycZYHfqCn-3XOkNKxNuTgpy_1IR_jzKQ,217
3vzYhq4L5-Fwy9_H5o_Bz1n3uSvrNkyVFjKdc4S2C0HFUEM,yMIR-EvarTIwIlDgS4EJbimuSz7A6H8uPkGRlyvdO1PBEuA,119
4SSr5fFgGNsJWMjHsD2drjGw4v1bplt2P9B8WJCnGlfOvZKS,Wo4iQc73Ibyv_mImbU30sIJbwqIR3dzgdMhZ8FZs2UfmvK7A8bUih7Sx,147
f0pIL3GKpnskN-5Vsx4fF6UwPQu2sHGkmcdP3hksbNVYd5U,-eKdnULwqcJv3Vs6a1sLg2HsgZ0NIXmfJb1givmvvZH2Eg,425
YfTq19_UqM3y-7lEbT09qTDuVkp9nxV6xy33MyfMVmj2oQg,kdDn2vswHkiw5GzsxPDg2blTYXyLULhz0IjFZGuu3c-1Jpo,160
ubpZUT6DZl1Gq1KwEWqdj4vfqr0tU2J68okuLWmEK0EFXMc,W92o75WlqhlVMmrX9ZbGD1jaB5OpxadCbqs1lXg9osJ6QHY,224
sm7HV6Kr8gncSaH8FdVnTbR3voC2OXLF-iVVwReSMKrxfTE,LzcTCHl6E2XMJzQE-cl0f2X0uGXca0we9BYiPqcKJwF-7PQ,206
J0GdcVgHmM1-ASosFMwgkelmEeXESBljb62pN3giQV-sztA,2hIV471qjfB2UnpzrVr1JnHkwRys2UQNrqw2ckXl7iH_czM,119
kCBvQgDUQqbF2ctsD4gEqCm8BG8UbA80ihHqDUQSxLYMOcM,4VRRwdJDK5eJTsB9ZTjbOH5bQn-eNREoAbKSXiIFvqpkrw,131
i1W7JOrdB0ohPF5zMurmyB0VR28gdHwIrwiBKultOqU1LWI,6bPQ0rPF9A8u8FxrfdzGgRdyzKiMAhCo_znhAusIRKTZpA,111
Krn72s82CzVdHZ1jQeqx0Xa7KBebmJULs-x2-0a2r3lfD0I,8cbFtTT4HMNa-mvMsSI2ZR0pwu-Xg2dOx5B95P-IMDboQqQ,88
8gRMWqkXRXZLujzk9-I6bDRfd3sUhIWzWJV3UCH7rWQAivU,cp_6IhIhjJoCjqTY0c_0f4dVDcogQT3s2R5d11aq3BUw2BHJv6AP7qTG,81
NCBlYj8mlqVwBOEQXiTovhwozdGThPDBMpPOheIx0z2TlwA,qeLIfn2BspZdGeIkLZ5BobKX1KLT2BSol6jAfWNR3DCyXw,299
wfq-T5WVfqAmiA_rJ__THpNhgtBCx8jQ-DQj-4Q0HyWL7BM,9ZRe9_hnzhrS1Tc8bI1DNZA1gtpyBp-6gshCgYzHIL_ecA,170
ixCt-AFYj2OJCwxvVI2Of0mlsMbCA5D_7rp-EG_K_wT56e0,YCHSEpuz5Gh8Zwp9WouxCwmsOvOJkRHAoorBl_qmdrFjTfE,122
dOcAzjYX8-KGWR5QRNblhd6FSBXFhk3WScVUb1wJyT3KjU8,ERqbWS2vdb4sCI6hEoIBW2YlBn-nQKmo9CTA0F6nCqd1OTo,240
Nvt0OZxhb_coh418kIcwNfzy1VGs7FzAmmMAt5ArDyOdhrI,MKF8OMYgXjLi3k4-nWfPDx5ArjpBYGqtIUykvBW7S6I4VMY,57
Oc2HvtLAYlFKR-xDv-3QkeppZwmij926xADlBNpAmN8KWrg,W0-6PLngjZ4mp8Z_wDbyCu4Cu3Yw1eJNYZ1XpTXTrtWHalc,93
tebJfmBcG3HfFIbfk4IzBwbfDi7clizRU3YW6BlvysMNxyE,PZUlHLSeT5h2TABpBsDa778WtKOBM6jyyr4zArJlT5JDb9I,70
9PYKWh5k5Dhxkzvb-iLpkeYM19G-s0-0bNiUJvm9-4Ew8mQ,dUoHoRp62DTgBNR5lG-HieTfRDf3jFmlAcs1yrjZBGEOQw,109
Dbgmui6TZQmJtTu0cF56rxqMuUCqDjjMFXw3FaTsM6IWVzE,w234DpF9IRIr4ABRc15Ok-8AsDW582OpzH8OJT3o40LMJw,312
RuRbpBGQ580fnluu8oFm8vRH3_RAptatHoN2h90KbUrngoM,jkkdUenC1MHI9Bb3QLCXYFpZUlQXqT6ytR9fuoi3VOyOJlFOjWoKKhI7,223
XV-_epkd9kHgE_2pvVh3IdYh3ntlYixow8nn2Emj7-eT9po,o-crB9ZDPgcgREOAPMXk-Et5tgMBoDVX6-1ufutcl-TrNbM,206
49ilq2uJWi-GTXpf-matEj0_U3sj78Tv0a1mnSDgXjlfpl8,YeqfBQjOPdgC6WMgX0LWvGpFZ8Bl_9RPWZYgI6B55Dyap5U,153
VMXNtUn2m_A8upc5zVSaeQzLSRhWYfwXekrNXRhlynDhizjY,45h_cWJiyYqyan0qBOKFBBHdcAWPJh0Tpk_am-sHcfMiv5eYJIs8e_A4,127
tYlJHYn6SipUy0YzsAj-cia9CeRR3hd6x6DnwMr31UYHbvOY,a8eeIsKOM4ihGc3_lYBxqdf4OC-w2SsY6V01-YA9Gpd2Gz4_Bv7jR3hH,115
7uvh-2E1HNx8CH_9sQuUTZfLu6aq-ZkS5EIt5WPeGjcHMY43,wxSX_oG9jmE0QcPtWdWKlFX6mFGEN4htpre79BB7uQey3HdkPgyI172J,113
ZjEnP6aiFi85iSlBv3AMA9s-pY7IoCVuat7qco565bjcZBM,ztf2klbSj0K9-TG8d3nZvhaTkDSE_oea2ithPxI_sg7C40c,252
v5ZQItBckIns2K_7X8KRCXkFrkY2F7abrk2pUQ7EOWX4AD4,Be0pFrYMwbxWZdFo1Q37-WneNfzvdLqUdOSsSWdsl4TUZw,197
eAi4SIBnsiIMzNpS-2JlnIxcAX4nwrFEorE0XMj-zQmGYvo,ai6UPtnNKvwhHPiOtwPE_pCxs6_ne3hIUbg2JgO0Xwqb8A,63
ooz2qdTAUohnrcYaOymZjq7METL5awdF9iNEArgTemMEZoI,z0I6gtSahjqJv_4nkjVvJjpS0SRiDxtVLocS9Vqv-bFZtKc,81
9t8QrAun9xbmYGBb3bJJhTxH6Fv1AwWoCDixIdNvaSIzyIk,iWAGPqdtferSetlaYhDqZshLvKsxvuoZ5z5kjTp4r9Tsg98,72
9VMxUbgCyKtXZMY6BiPYbnbVmBexpWrMSTCYb3KuzTTOv2s,7Rsyn1YBXLwh_HomXMf-_zo9moGci2VpI5RX_uq_KFgUNQc,303
5sHPetGePPXFbsCk5ufmtW6u4t1DM5SNGMCQ7yhQNW1sMkg,cDLyCqhVoP7vXpbEEpjhyggHtZTwlPbYANfGQ_Hoi4CLeSE,315
yEqXT5KOdK54LSHOW_4HXqJQacoN_916Vci8nyMp98-gdTs,YAd9JdmCUsvLNKQx45qQT7RiOvt43t15t9gPYCJtdVtB-Q,208
Cine4BrYWLztZxbNWmQNr1qX9bzGbqg7F4M2OPs3fuHiPts,0yomxIupnq87G7Tk-073vjCGDpB2r0r1A24oPAkOoQSHpA4,195
x7x7cGEhM2vw50hC7QTjhswJqB1Pj-y1MHb55U753bAfufk,kTdmlI7KuN2QdvlX3ComSJ5JKvLc7hQAgJ0xZCNBO0RKyAc,72
f3_w41fAQUjn7r4JWsIn52-2ZGRAUWREHW7WsII-bY1nhoM,w6OjSGC4g_XF5tnzcdPHwa0VKhsrGmKiVNcabxnjCETN1aZ8og1vF83r,194
vYpDahqzk8uX0q5nbEoHZb7GS-EOwn4biCMCF0F8HdUI9lI,0mMId8R6GPM1Rz0yo9tj6y_SJc22id6O2nauwmWUtnocDg,230
1P9CfH8QixbKPVrHBdHwclJAMnVfd5tuRaXWDfEZSt--RoQ,geKupYvGpbNsxMcxer2_woE_4QO1bArcTsFM-Mx_uCbVSQ,123
kdsgoJ88xHAGeVB2lggc_7kUD_USPCuTc5EaqLi2Zn1kVZ0,XfvGztT5F8v28OnX-pxhMCM_YiZhRzLTp73KLlI2OlGsH4U,128
_F0l4PdQ8Q-MQccQSEu8CNZVtXCFEFd8Pgq4KG8xLqfwoNNg,US4KsTt322VKP9ZerJmkTUvTtmLgwTLlMTs5-F9crFVtX_5zndosftM_,85
TW2doxeYMm4ySlQ-z2DBmXB8O8o8r3X5Td8TEfFC1D1s3XYu,T-JfFv4mJRYeg8mKjX6J26BFBLdwcUuGzt4dcVMcexCQGkzf8brPBDH8,60
5Ykym4-XMUQ42LRRGCIOtBU8Z-6E3CfAS1p-FqQk7Ow_L0g,n5innY9A5EJEacAsVNckakXKW52oC7GsqsbPFWV1Bh21NQ,296
oUZTehZmvn6tdFDTh0u7VeaSbf2J1U1k7xuowZaqNCeYkPM,WCMk0ogAnrWm-N1ZvgAweMWav110kh5qaSfLS_1jKpry4AE,151
fF_9PI2-I6I_jvO9sutVHM9cwLLuGvdW9c7sTojO5mxGzvo,4tSJYDzxw6L3dc8kU4WyES2rSy93bHCgLUVcKL3rPgyxbX8,229
0gsmmZl6OzeWQUAzwW01LjYVzagYWiK-QDZVMJDWl_WlihY,9OTDbBukDRwhSLlzj0wmgervhGNEqi57VIYCA2QT46_Frw,266
suEsWYBbXEp9X8RYmWgbNv4jaGAI8X3PV66aX8TkMy9-Irw,RAgnR6dagG1omaZR_LWrb0Jc9yD0XIJVFCoNDlBj_ur89A,269
wcgBSHIYOCoOz0kWHe9U7LdMlizqYQfgrw07upVVuFtxA7s,Y2jN24cHqzjwUwVyX1KHmQl9DLzJm532RLxHPOOMnSW2ni0,153
nn7F9-mcCnnAYN8ulnixsRd6JD8-8X09ZHGC6_K4lROvFeo,hJs8Yi954mTBSH6MU2c8KrcFgOMqYY5_6JEO16WNIxCq5w,199
jCOOvPPaa5LkdLbAWe84RbZDpZQlTJL0FykyZy0467J4L9Og,gIw-0Amvpz0T1tVqNcwBTYjMQG20OJMgNcm9fmZjU9ZGAEBfLs3e2x3P,48
h04ChLt8k1bWW9SFzzEoPl-fM1_sfX5kTrlOCNzerwX2Ro0,bev9DNEkGe_fyn8RrsL9Z0NuAOOFspg8VusUJp-qgn-dpZ4,242
fF6l7E8AgM4CDIN7mb0RZ3-QeEy-9NlZYvdbfD9eNpJDTEY,yG2caLpZtH8f3HRcMNTwHO1j4g1tvVcGoLauynO7K4j7Cg,274
jajogD82nXvT7ST6X1VNIxMRaaqdJ7xbAWNIqKbcqCqSFC4,yIbtyDX_B8UJWZwwK8NzByCFyGZ_lbzy5mBTreqgB5_rw0w,94
2-Pe5nLt2lP8tNHyVga6wEfiMZeoPxvrZ9gw-dojtko0VbY,K9on_4IzSV5d-X6exNYWORLD7iduoax0YccE5h8MmNV8q2M,195
5altRCH6mpCiIJ2Gr4Mb-lQZWA51GdsMPqH3yyQb98zA9qY,ghpXf1t_o3-QN9toqiZy8gDBUULXppmv_jClNuxJTc_6yTQ,93
_1jX2OYew8kSaHcpc1uqItX2VKAm2QfPZ5_lKCKqsNS_3V0,cIz5VuyNtcOG6IEZ1Js9Vf9d6ZQ8LX4L-4HlGAOi3Xlbvw,287
7f1I_8vIrum6TSIc-tlIbmic23EeynKH7rUZ4K89BJJ9hDg,xxjhDGZVo8JQ_IN4WcbN2uaSRdW0UTnBkhBiisGxJNH8jO0,171
Itgai1IEXnVAcmZJ4eeozFR1aVVbGIr1xftIOVhHh94XmAQ,iaAnBY6MslwVXG8GQi2vKbqkjQPjtCkRBjt34CytXWEHYA,302
3F74JgSOMh7CXJV6osYtH2jMEK-hL_IJbcbWRxcc9Qnt7dU,wloAOH5BhfetcZvYzRrhij7BxSehCtNz2aXQmdKRyJ_OlqQ,505
6ym55W2Zll_Xs5E4ES7lQbEEEnbOOjj8L3jdFIX41PDZBLs,SfdHjp7JFHA5YPGtYQTs3pmiqMyuqt3Xi2HmhckI-DAjXVA,313
ZwUsipiT_tR1KZespYa5jUtPaHP-gsMSOlqFAOOG6BCC43s,qfzolYYrba2vbHd4F4rdKviribWeYkHxU_re2ubYE4y5tQ,195
CFOhmk3QWt7IIaWSBLkY0wFac4yUFEAfF1W0GzFYTNfLr2s,QguRkGMis44bJz1V_HfDI6aRHDYnDEeq8rxP2_44ddeYVAk,118
wQQ4GLNOi0JC5j0vLIHsLKoUivnEcc4h5RDPap_nv4t2kzE,bv_0PG4AUPc5J_5FQGputiLWCZ-zaVCRQC-CxpSSbvegJQ,162
ai2oXjw4wVxhyGafhKgVFd8hvYFGGf3t4UdMayD--nHFRpA,3szKWV80WxhapS0fSvNCCfRA_lsffWQ0D1zJrMfeeGRyag,278
EMo2uqijjDYMvkO8rFJhsnCRFHcGD2Dz7yndxA0mYIn5fy0,7nqBk12UX8S8SzrT-wZUbhBwNaI7swekp1kQC8yfK6OgtA,205
zi8izvBtkSBJ8XcWOFnzxuip23rYqfGeE1eUsH4RdUVDCwM,F0yzGlsCSguatr6nk_j9mYgwZMvLm7SgAQlWYY6HMBJxl9A,270
pxLMfkhtZiMO6jlpP1fw_17LR3RAgW1LsLn-CwxoHsoyLfI,lvNt0Lg1l9knQ8bpzt5VWHUfqUdH-XwB_TJU3IteV5uXtt8,217
PDJ_hzKIu1POZEiZQZiAmeUkFdKI8jnb_MAcqye9UOSJkMw,U2B2XRYw9S00LXvWRhVCi2-3xDoyWdMVNMo2xU4f7zDqZA,238
NuxJLDxBf53EhngnsChLzDBR-kLnaLWxMwOG48T7ogwffL8,PWJJFKPJopJYYhzlSAAmQDcnEni2yfS2pUY7ut6SQU5-MDc,159
aBkM68efke1S2qzw6VRvVdVSSaT1O2-BK2XMpiuXyPdTdcY,JvTjKnjNxym3RRVmh7JinCh8DeGtlbbiziKxPCghMwr0vWA,175
vIm5krrBTP9IMIBz6OPO1UAq7Z-gWSMpoiWGoTNnb3MN6p0,QhV31SjSgENCJWhPwoXfFNg1UZrp_oWdlRneisAFc8Sqxn4,405
8W2mtwWvyJBQVxMKEmHCt_F5DW4lscD644V9jMK4CgzI6uc,WlZErMtSE5WIHDXTTbqNGH9CcTukfYZJTZiT050HElx8jg,275
Zi_kxv3ZB-QEPgMfPxqS6sfYiWUzCJnSp84Nf9RoNSo6mlQ,OgzwM5n6mhoRiEXqsO0AyuY7bRpAsjd_iTMmwLDftw20iDo,125
4e8DryrAxmzvQszMLqllHz0ScEqxvwZ_oOlgR3rEAHIH6dk,GXm8ygf51OT5rmglc7g4ru4UpSleHyQsLmfxncIltGhz7gE,99
orZu8N9duDmFxZ_33WZmmtHMm9jZRl5OqM3b-eFNjkMvwas,kxd9Wj07F93DhSLJDAzUeZrn35L7D2FV6fB-CLdSm64y9g,227
f9h2z1bQwyeLdtN7ts2vRYjzBDLsYk0nfJT06qp2V53gnbQ,eyHNdxFMBdhT0jqK9nX539O2fsHYanQUTBe2xnT77un7ELo,394
jKBc3aNSfbegy4z4aCMXR47KscRqbNT8VbmMQitIuD548Uyw,e5tXwhqQx0o1t6X_cRwVz817W97FZMO4eiZklYqMnz3ZOxXu8DCoOxOS,62
gvkx2TH0huMv78E0QdPN0HUc5BYmRJLSRh2TgM7Jz7X7oOQ,CGy2cEFC0zwUX3Ft7nEEbcL8zrLqO9tAtYz_oa1RcZj0QUQ,189
BEtph-fvJ5UJJsVDNbosd6Gy4Obz1hhF1y5pAdEDB0QixhE,5U5EmPeBRHcvvkifk6yeo2yZ9nWuvyxZ8rjp4PHl-lA13w,262
z0C5u11E_2FSB24aKs2iNADnH_qWx4Gt3-ZRqLIOjfje7Oo,GQHNIT67mi8vYzWpfII1PCwuDiiGLc_4irv7yUkyNUO2R9U,291
SMOx_cGwdGxnqX3AP6ddYSDxiMPboWIktywOOcNx_eH6Gt8,8Unt8W3Lr2P2FmdfZLMj9YaUkTJr3rXb54UZL1vzNzroqg,317
f1z9G7tYIl172zZp1h3hioF4SKm-LmgpgK02ZQEeujKaxlQ,1OB2X9n_XoEoWD9PXz4jByD8o3I8nqUvQ9V5xRulmVb4nps,319
C4qXPvL7rlwPR-GrxvQ7tjjgnNtGDu5wIPxr7Uz4s-0dNN8,Y3Zke1oZRmgtaWXIG7v_Pt1kV5lLI0ge_WaoJQk8O-10Emg,251
WQICMDCmLAR2loODDZDuErKvhUfQlAkm8c192q7HYTrK59o,uEXec3VqLdahYAUMKj0MZSxI_Tvh3XKny6id9dZ9sfjKku8,167
XIP3uCby0_e0nY39DYvu13ZJlrKY5Ob1ZMPTy3Ft5N4pRiQ,mZoaSq0O2OjXpqq0WDH_kaV06ALIrbKUaW51Pnma8JmSgQ,275
Sp_PUdvQ8fGXG3eiYv3S1lruVKdySmXymPL_1s1i8qqiRdg,L4mk_JXOUX9nq1L_cJV_fHd4qhxiUcJd1BUhHR1iMRBvtDw,70
Syngx2LPmsq7shtgnVvA-O2IhgEEtlb0cnWrAaEqZJILzxar,BfC8L2hq-nJCor_AvO8dfcoAgDFqPJbPEbl988U3RSdSTdR-BjhzW0lc,65
p-e_-fFiE22xShzIhcsEItXK_Ion_FC1IrO8oDZ-i4GxE4mn,WXuiXh2Yk2-EqP7D3_Z5mHTZDZrlZ91mv7Gl2RIct5vcIZBKGHn0ihud,49
-87yI4MKPJV2KH1OIX3kwWnZZ850bducUObneNnD7iE_Pu-o,Vh2DxSOXVoUfKs6A9Eff_wtop17mtD1j3VRS1QfZ4tmjTEkHF0_IdP6m,43
eKzxEGfJRr4dgOeeg811vhsksLIymPDXQxrzJUBiSRIui9Ul,eRMv7gbZy41eAQ6er2tv4jXAEkQti5lnr2xuJPm4Fa2eIDcUmK3T5Yfw,177
3bEZ9FgZIvomW1BQexG2IWbWkxl6aQ_2YWT7iDpmxPwxctQ,PrMXSreNO1ZpEnMTBFOS_hxMgcQQNwJ4YP3AAkIZDbUhOAs,317
dJ8w05ZMgBya_t7i2HzlxEipNzWLFPvpUG8I8fEcPx1M_uw,3fchnOSKtEqH0GIqhdumRaKBV5HqyWZVi34nkJfBH3k8tzodNIWCpMG1,93
vvGrH6uDnS7OboHPyD1LMm4nrxAeSmf-JwOYUO3PX6ogu98,iD9P_p3lHdFJFjvSUGFmYnhojIMquVfio3TlP_PN4iGmslrlK2qSDmiC,94
9Vpo8WLLt_NkbCe1YUyWG8KQAD9-VXYOpjWdJcbMhaZ78Oxq,lzOF7zQ0ZCa--JuV1K9BZqfv_7RphTVylsd9djW5CvysMR5r5NdjaiwX,143
ytBfEmJ_j77HIRcUiO9BUnw6KtoGm2sz7wMboXo4zk0tneU,VhtZ3eBCcO9DPAP-_1V-1NBjdtUm_pj2XwowYV0tpAOOsQ,195
TIjAqF9IPTdzVXzcn_1wZPFznvQ1T63oA7HacZjVKWb8Y1o,_2BBhER94GhWXNH6joOrsyplGedFND9tZJEDr1eOgO1GQg,150
3jP3H1gjf6QvlRM28W7Ma0gYph68bzJEd5jM-KXonmjjgLA,f_5wCLao9zBlcKMM5KE3hbAHj1c7JdmIW97bY0eVlCzcdw,260
n50McOM8_u7KY5kITpwAiuDD9p5cahGjc7qe0CGMkL9sV_U,NbzTqJwIANYbCce2FM-OWsRHQgeRUbdmw028SVqK8z3G6Ns,260
PVfyN4Wo_O5AoGlkiyCQFj5MDWgrne5-W7Iq_xAn9INtYB4,T0f8L-6DADGFaEjEqLtq4BWLYa5YhqYhBkWZJ_erDQXf9qo,151
Z3RDu9W9lyE6PH83lhzM_XkrtkeS2j_e9CiBmr0p6OUiJyU,PXEQvxeBcxuKzUcjF08L_z7evTsYIIW11qF98hkijLBPJvc,279
9_w8zy3uwBtSK7tyL8QReXEaYZ9GWOGmsusXtFmgjErm4qY,C3A2LQK_hu6ABIf_DjvO7QGbmysdOYI8t4HHLtp0_l1b6uI,195
hRpaygQwPirl1Pkb57qfvGknIgWMY6K3Ac_2wl3Z_wW3ueQ,eFk6ydyC7rg_-YgspmaySXdaN7ILjaLiaQqHXAg8Pb2eEm0,353
aM33up_O8h756YknhtcXKjjPsvb4TDoWj2JERI124bt-v5o,7hh1z9yKw2X9pPk95CWv0oWdNVu18dlAFZBznlIyHdzYFw,292
47TSkHzGGmDIhErhOtrl6sBKr_tzqnk0_pcO4rNNG7DVM6PA,c78UWbeMIkZhoK3s92qrgkOejp6UT6y6iVMj-9ReQ56m1ZcBlnUZ334O,75
108Xnis_2fPaYQBlW2uvWrQpejDVj_sTvr9qzLPWPAlpRgLj,ukpS4TdAvmnI-nF2Qe2iJGX2teUEQibwN2h4xN3xLUAYtLXzNgs1Yrlr,70
RGe30gR3WKeQ05I965SsBJANj3aa_iNjqwCi_ALDuqmtRKYj,q_0vKoUNGiYBS7ToucIGiMxObUlJK7ZB-JrMLENNdtTEIZr1NBotwy7E,74
ce_gnCeoVdPQc7uS-VjDETCPLL31LbMd7v3mXyj-g9vOgtQ,lKY5fR2Qge1jXrI_kSrW9S3ygQ37L6qYEs3cKENbHizdHG0,405
XqaWRPTBBa8ibWX-tVgZZNT8gaEYoWrfnbxcOgHpX-BoUpw,wqqDb0KDtGhrG3E3dcFHLTLPJpNhn3cAN7TCvKOcgImGFvU,160
DWscVj1xl5LyWG9fOWvJtJ6K1zEULLQnUAG5PU9AgV9YJL0,M2WZpEWXrxBSgOp6TE7XGZueJ2NZ5n1073leMSpPGtSF_F8,201
l0rMA95J3qgHQy1X8WATRoj7deGeh5Ugib1LYfA-1Kb4q1w,pY2ZiZ9plgpBGAPo4kUgVnz_2EEwsazt0rXUcgNdAeth79k,322
cjlloT6cd6iHckP15RlIcu3dyS9BJY6plwSfUi1oS3-cMe8,cpJ8Fbt-CXdtzdp-t1-EQtjBvUk1ZEObAw6jyRo-ro5qeg,94
HrnbIk8zW5vpVTw7RPJQMIa30SQLO1n4eb-pEOsaVwY4TMA,Ki6cuAqb2z7z10MpJ-jwhXo2K7MLTEHEuroJ51tTUlSrLd0,116
Gyms8AkdcflMtrX2WofDDaGrAQCLmYJuzM6lgXrWiTNeDi4,Ar109d4RyA7phLCZ5P43EOGu4uRGV5J8WUwW3Nt3gBw_zg4,78
FVImWgMxDutQH3QA99DEeZQyGHkKrpxUhRYFZ-E4EQRHNe4,5UDVLAUmeku4YLc1U8jG0l-ICZl-Hk0KBKCXJFmHZACdFQ,243
63iLSuxwq9TbOZsHvWV50DgqvZd_VHjKe9lh5L6cru8Pds-F,gp426XfaiBB9e39jpaL3AfUILST8Knr8SOkf4SG0SUwfNxr70BYFNxoF,130
bAeTNKbNgMsiCCyTYkTFCZSUoXBklP465XaNkvfzPBaUL3o,R9OX4tJnq8XTuFZn9gelWUF7WCo0rhBLUu8o27tSa7815jQ,127
OtWv3fc_XTGmS2ZQtHqtI3DBrco2tLzKTyGKEuC2OeEG-10,hMu2tHTwNCT1BaMdICFZPpnQtsOJe7oIhcldrOV1nEnB9g,171
DZTvKmYlOnVsaCDbR8Gu-XBTjhK-esQgy1dFDjWEtS8p27E,p2IMIvBfkJxPdJfeC-HkNC2w6NNYl2T44vprfy4mkS5dOA,238
QavsOWbaMKaDmUqIi2HZa-_RrMmKodsmAGMKCvaLEWaN4Js,tlNmbq18xaGyEPMACGGhzy6WxSCnUz4fem3nOAGbUWhRWw,167
UhIGU6NnDKHAPndB7E03MFaNBmnfoyrYeUnz1RtZeHy67zoi,mntE5j3e6fgToM1cAsZKteSagHA9vpi6qVim5BBgdlWemPaf7wgcbOyi,90
uAsjHPO7c6GCO7SnqOkTWyIRskyeG7-yL5BaY2vAVy_yzuw,58xswzMx3e9azVvG-O3yn9CnaXJr6nnAiz1XPlS4UPTBUq4,60
h7mea3AQQDLwB4O43QOwzl1UP9AY3nC-gK0YAgURj6fyTwM,5HwZuXzueAvdXszuqi2Pc8GUM4e6TodS448FWwKjbixdBA,182
oaYAhX1B66BzFP-n9wUJ4dE4SkWnOmx3_9aE3U_5O94G2fw,bxFiheoRWPos2WAzKNqe2fuq9xEr6DEtsq1-ryJcSRgQmXA,125
erjhSJxuRvM1kNqvaUhOszTEXyvTbRgNBo2vOBT7mx2Ci4g,3OOZwoadhZ7XcY325kInAckY00OHHEqO8maNqmYuzujB6k0,186
g3phYuP3LRAtLjDXE3gGCWoLNDKEFQaAOnXpbenu1Oy23WQ,idRW7J7ExglemqFPIJojaZzCLlrA3av5ZxFvc4uVWayHp4E,160
D0_8vXxVChg5qavA1E_BLa-ewQWR6Z1CwxQBp4vXc66BD8g,2vKmG7mpI_UQpaXq7qfl-PVDNpjguwsjwup_EWlZnIP3vM4,67
XEpHiC5uOtTPCei7_QoxpS5q3uIx8SFgOrpbwM8zjDvzJ4M,uDCpL9qAiyeE49L4CeDOAd8iOvGZkQVOt6cEWo5ASVZ7mh5aKadWnrdN,95
oo5zQrG_0HMqxS0U2Klx3g7ahD-gegM-gk1DPI38TYLjKiU,ViyDaKiorg8VZn9yCbveveVzUXAdbI8mHSvVtQEGuSqXM9Q,373
XXe7z_-jXOQdYVHyoH2PkJWdVNmaHCuEYWbl_7D2YLQDI3A,DgvZz3TZCnoBgsOfi4h6LsiGRlbJfbDSBeWRWLvO91RJjg,258
oiItNfhVEF2ARvR52l8NZcEmCQkWGZCSBp7gBL41h7SXbUA,D8rpQ99VhEC7995xYcDR23DdeAxAphBnYnOqqHJKde_WMA,314
i_VWnDF_PHvxjn7exxMvt5aI_GJaHawdrEfMywC8-dwXkIQ,ggsSg2jIzp5lZOCs19YZ7-nhxCrHtPbwFR2TJI4YF9ce5g,189
ulaKzT83XbiTnVGGJx4Z4oS6RUudY37wgN10n6YlHDy5,Xhz-JYQq8Aq8nEYIqVcV_rm1nzPxs4iu0mIJYc2tk-4,186
hF61JPrHrZaYAIdcaSj65E2zLRMbY1hPlrMDrCejh5SLBCg,Wu8BUmzkZ2AeM2AVvKN_bXcw6lqew2zf1Uh4i2qJSo6_vqc,93
rcl7ZTU2TSrL4bZ9UHYymknlVlQ3qGt2wczm2s7HX30U5DU,NYgc8m1cejySjIRowdmWgRyxEwQ4umJ6S_Ryt358uNI1qkU,68
NfemRUx5biXu1VgvBpG2wCNDmzoBBVWj5wpckJXzeM9obkBO,VX1xQX-M0Eu1vXtTV83XWlf39K7KxPTKEd_-Dk1sIlVW3IzgQrF2P99G,48
6A4Id06_p6loRTzdnqSOJOTznB0Y6EkmnUcHLEWRa9Gybgc,LafbqJ9_IDeTIeRhvR2-WGLHwjBoskhwj_4G8Uo8BZv6L4c,74
R4OXcLtsHTdgUylRdKSgWMIOf-L1EkBaS1IIqi54FReDi2I,2o3KwO3NCw1HXq-quyPkirL59q2V4NHfSsLbTI3a5KrOdg,298
kjbVoW-CVmfAjMQcsWq-R_IG45kJGsDwnRqeDKAsXNWHsCg,iPkypJbAZpa0I548hiqAbylkVqaAxSrW1bFv8mOZOquFvYs,87
kudUkSaBcEUk8wU42hy7zQVvFXtzx_-OjosHezh4QMtQMtOz,r1Nh5PhfjbdQVIkNTzcLQ_wKgecRdcZZCWheG8s3mfMqQIHPDD5_G3pT,41
mUSn8fbyL2IXMU6UAhjW1OYFioVTgnOzr47WROkmVTBR11Hs,HrNPWO067WhFt_0_So6BzuuFSD3k7C8LsNN6VddO79ugWnwtibyvWzps,120
OV-bl4vfVBejcd7qNqmpDHg6TDUCqm2qmX8qdS9iQTCeSHc,dNk_ZmzYEVQaOz7soTJmU_Jde-0oQup7FqtJWTw1vwCgJQ,118
CM3vgfjDu8-tFIFU8C65HZz5vcOjvkT-2wkAkoxAm_45-0s,1SgDn6HMTp0IVpaf3_d2grXOPzaEJ1wPWcyhDIukbJrBiw,214
_dHlE_Y5FGcYDGo58J_zJxNHe80t8xI1F9CJajnwblZoFeg,3RUxfB_lqmIkvxJgLsUQexzB1BqPUe8e0AFZ9dlls5AdtzQ,106
-Q-8BId4BDtLCWNEKzpbx-6CveLy3FyRn554slF2eb7NBak,aHK3zFR8FfJhbz20ymUyAIUD6pNKDYm9AIb1SrrSN3dMEF8,216
vf7JRb9VqtDNug_FJYjsRwCPfxwOmDGpVpDvC5WWbs8ey-k,pe4shefAaSpoBMdA4uNsKxXmvmZENBaEVRyrFSXwoCrLyYI,201
Sty-DG0StCq4jvBgsQ2ObRBMIjzu2A_WQ8jRc7vF2_ZvEmU,rAvMPv95U4QMLF4G7HZcnQL3OheMva6qTqXzwTyxyD8MuSo,453
w0mFisNH5ypA9z_4LvNdcXn523jIFcakMNLWbt_iKCPtC7th,lk6Woa2QtOC14L6TohMPw4ek-MoIpDfL3PiH5eDbbeOwtWI1q9_RhWVt,65
BwarmMMtkjUA0JZ0WwoldgIY6bW6hqOlAxpokPTZGSzgTsJ_,sA9_C16j_t1dUX8fF5skd4HgloGTR5_QCfL3eZu7Zd81FQYz-ejFV5Sb,116
df1BV5dlJbvqfmN3okBcraYWEPVxO6CBXB6tFaLIZUiKrjE,0n16-TrDub1OfrBb3QT330TLKmn4XqyS8JhvBwt1MDbkcQ,277
wMup6mKIB4Rf96O8NVmAleZFXxseQMFwiw6ezGczspfjMMc,7sO9jitkvjJ4I0or55pqwSzX4O8TYHT_B-82uUqBdeoA1Q,148
iGoQewM9yLKg6DaQ6Qwq7OuIl-iai8Jd6dKOp_aHBDlQkiE,wGA6Fn1PSLimZCvHqg9UI51KNFLx7tf6SChS_vvbHLLDIQ4,184
L-_4_AGL2Mc8Lfp4O7rViBqbVtHVxYNMRkMRPEWlCA,Sxfxu270YJ7LYdGYoZOf3GHfubCL2vnpTXcvfozfzg,216
E2itpqmid-wQhTvcAqpv_03cTQLgX0MJX-rgK3-uX_sjMjDo,dPt0loonM7oXUvakN_HMXhRgepT4hey-WdvMfvJ39seXZEkUECtvE1_G,43
vUTnyGlb9_R-hHKAAnCB0ykGIaC6riZTJkcAgGRuR5eM-i4,yL7XRP-WE1_WUOLVWh_8Fl5Qv1KbzAsB14UPjSfveQfiTZo,413
NfVYcrFzFv9-VLVWzCISJQBCLLQTzlY59KfbX6s6soWagCM,lF-OXeT8PEknNaCvekfiMDzDtfG4qCbCbHlGZywcvOrair8,183
xuQuvJSkukKK73MVn6evZW66Z9Aqh1WnPDfMDarSSlvOtLpo,oTkrTtBVEU43IW2rxfEXYfRGPoCTYry43qoF1bE97JiipKt--MoWPrhN,79
KXIaeZYdzdcHUH8h9XAMLwIyruvbBTsWbcsOlUME15xdvs3o,bzGsha4S5bmfE8IGcdkz9C6tvekoH751OM3BkvqexQFjRcRsBDwDQeGq,65
zaKZB-Y5mLDSd__JzCsmqvyRliSNPBeUZUWgsKIXKAh3Pvc,R7415BY9Y6X3VLrJr_ePAQRC6gtHFQbA1lF-oQmbaP5JgQ,150
fcKZGMMi6nm1KYpzYX6tUmsTQkbkjsFcqqecW0IA0WnL9Ic,uHSbOIPx6VZ8JNx9WQesAPk_6x74wSaLB76-BIVKTex_lA,206
laa4kVCo21mat7Sl7AEi3FyWgNmavtc-kIZYQP52z8E6-_4,B9U4BLiPmXNqZJkoOeA4zPfHWkY4zr7KALUVN49M0LApT7Y,204
D1ci-wT8fd-vjqRg9xIwRuv11J2HZkWc4_NFH6uAKw1wWfI,Ck6fq4xeHFUg-8T45UYjtzWZH04bPzd53ehN0Mp58zzj758,130
k0VsfjbfByKG_XxILfqVGhJLXzamzdfR91cBVW8tsCiRYGw,sTMzUqHnDaR5rZxgXG0tRt6bmNX-JDnj7aIk4NwVZA7A6HE,301
F7rCkl_XRlMbNOc8N5su10nZKfmtFSLeyH75hAqMt4ZaLBc,phrjnCoKT7tVb5VyG3_zao0ETBNaFbR6PCnbASWAurz8-Q,213
PAq6gIcE1qp-KA2or07fsGH_8C4MZzdyZviNBgse8As1FB4,i0CbV-qUSk7Zy78queSoKUYbh2-32Xa4cjrdhetfSGzZyVs,130
R_wDRuhbmn6BAXnEjhCdY3YclNxWfGFs-USIIN6bZi4smAc,nDNmh_6i4Mm4pRkmGuyLTNjG9FxYu_LdOUMkFwfKs2YnDA,184
fOZLaBi9kWElLPmFcwbp-RWnydcMJeK-2dloQjdvF-4GmcI,8m4lHKjz9azWNK-O_VIPoeaDNnd2V0OCwguGZ3pORd6hIA,222
Lis3BAkifnu9O6AKq6J9R9JV-S9jQ0t2FFHuQUBqXFmare8,3Bnd3qr20whiggi9sEoLTUaPp0pp7UP3wEx3aAGeBY_gmxQ,182
OMR4ESMqzozQZpSzilO2zZBld-YDvWs4691-q5bA9obeGfs,-AKmrdmYWbAkgN2Qlr0f9UA_1egLWLhk6I-42CPb_0rWKr8,362
2RpRqDWD8q3b5KgwcRdqB8VnaMpIQ9QD8PGTMVk3lwNh3jko,hvO24Q-L03CayFeLxub3i5zzH0rJhCuSKf6BmxPBLHMna0pDnOWXLGfv,48
qgGclf1rjShv7IaIkcL9s31GfIdz4YQ2E8nQCBZA_EGjO4w,IHQZlRftMgyNsuCH6FgzCDPc5m5YkhTQYwdcq7YUxxVbNQ,199
m8z-rIW2uCKrRsGEGIRd9y4BzA2528pzb2EwGfHoHJrPbDs,DCloUavDJlfaPc2veqjZRsZXPHY3-T-vhObp8M2Dyz8gdFo,228
ofk_u0T_U6QCkmP5yoXco2sMAn7y_fyDIScFkf6MCmy5B88,D7ksj84BdlPc2qtVQTmZpuxB0fYZnkRSZGFWp-BCebiFsK4,279
ZQBr6N3FE-XI_-1IZtvRcqD_0sXNTbeABPAp0gnViB8Ymts,pI9njdWSlb0jFtcrk1fbr_bLtqiUsXUIP6A6oBolLENhrg,164
jFC6fdvfwkgpJJVt32-ovkAKMxqv1zxpCZopIt3ovXvHKcI,TgsEkalHEkYZn6fjafLuf0ot5YPDL9VISgrUVhaqxAQVyKI,76
eTQ7X4FYx0VHc2WDwu3HASivwDGL5LPINMrcS_a_svnPy8s,BzWY_xcZm-cByMdcij3WHZ7eothMSzW0xVOb-3eqHFwNbNo,85
iUBTeuwYiyOtG0GHRHmDsovckLv7hq6ylIETfu4euLR_7HU,I00yUsq6Cd7gAr_YhlO7b5rY0CmUepWuF2W7Z5pu7h6IRFI,139
xLGxaml6cQPj_OE7QvPDl5Ntl8T2gL95vT5x41wAVYdxVes,jk6Ro7f_o1RyTNHJN-xJJ74BGiGwTQz44qbNaG8y3ccDq8g,365
kx5_x472qwUqdkgLKCoNTm8kiWOdzXkocuY0T9OaMzpwut8,7_9VhxnsOxFvmqFqEQw6wB_deoD9Z91sd4aTKBnSOdTgkQ,232
BxIcF92W1hCScPvfOW_eGYos-hYzgpOwEFCo471fuBDs-CI,oh3NC0LYZZZ6yKI3e--Tvx9FoAabfJ2RUbzi69noRn6gcOw,244
zw2EH7ZsGPAivUOLdSsnwepEoygPJZUA20X5FKUgp-xQblut,LUpkb_oCXREJSEumDR9y-dmFuvGtKslJtPWeQ3hIUr-sy7ZWJk2ejCI5,68
z4DFvhFBL22yUZHeV2KmsXz09XlqxMNvOa1T2OqJIXkAXCE,d7X73rIR6fCZHA4UEAirME8_78Z_qA2LLQm3LMQXreeW9A,252
UWiCNxX2TNh_ugLeAys4IVlLatrWIM2jEHaK3Z7IZCP5mcw,CtFod9d07PUyxL5lpux0n7qBB6z0aPYAhRxzJSQW2bas-oQ,297
iZxO5U7UdvEpKy8-6TMgXJNQzZqmjYTGhx0ujSx5ks5CY5tn,S96bJAyAPn5qPG8Pv_BoTxVJcw4b-avrqXDbp5V8Av3jfRJ21IrwMtVk,89
sMZYUaqndbopyNRWmd3wNErnHhQFIGqPf87TRhjS5GkHqFo,lHDglLMFkWNqdW0DLZEl2jBA4Oumoj7yq1m25jw5WyruXw,345
PcsA0jvN2soyrkju1e3-SAvT2k9uJbQVNE4DlUluVulL0pU,j8h4a86EtQEz0Os_HIucMYnoINGfklmZZEdGdULFmG7HFA,238
mTFE08NTl2ZyoRQLnJqWYLndUew2gM16xsxdUydE2iPWdNh-,cUmWNHzZ5ynkkcn8i5WsLui551S6Hlbk_H0RB5mq-BNptshbygppHCvo,80
TuUKMV67Mii3jGIrMyFLUoHBa-7QHBaRrm_39rUEHwc1FMM,hGrHAuBtH2HAEQYllmZv32aGEAT7xdXkUsU_1D9wjHduoQ,121
3wAgiNLD2cEU9-ksHED1Q0Rta93RL9Ge-1jKwhvb_7nRhHor,CGpcWI92XxkaogTsHEyvo7UvrpOr5IfBoQCAeCRD0ejTRdIWMrdStr8H,57
Az9BRNQfB1ghQU87elvNlmbjMIiHtptWHZlL29QCZAfdbeg,KGNNyudU5mBb3u9d1WHCdaRlKnJTMfpzYv-0kXr-lef5yw,273
XcDEmHu6fhbtxszeA-xOPyBChOQ6vYP3nAL7vKmf8B1nSw0,6-4NvVM9OvWkyXthkPf44xD6oRO4QAQ1hWAiv4DOdufmvA,186
ovbBXbqfb0mtkvcfKUCGuNlnjuvnRHlD4lLPjLiHR5QG9D0,yBe5OIyWPA6FsqKPwHQqoGNDIj8Q8zKRyTPKJaTAmRJamg,277
cTgUGvZzw-wCKiqizyS3MV1U5SDWK4crQS59i_maz7vhcqs,H2BjWq3PvHheaWh-82B_I6ANIb6XxFQWBMOZ8THkOg9Dfy4,140
jZTlTsazk2WsC-3BB9eAOsXubiTier1QTQJQ632dxuRvZLE,-c8VUCFhYIKepostDwMzVDRLBQfM2EAIPcwAN0vNdqwNefY,187
9tPP0SiNS4WffTKaYPuTUTIkuAEWj050gqqD5GElYQjWYi4,lS4pigETYDkqfr802JWC9IYSNcnEbQKFOG8RVLKXlEVvtQ,244
2wlzuDSZoBr4XUsEqB4A5RR1WWNd1fe9qbr8esjrKTlXIkw,3uC3BsnwcfdDDg2cE5hOMIRyPHhNlUlbRD4qcpTCnEjHLgY,132
z1sULZadh0fRroBSBAZnRqIY4VfMSzrhaMDj80BvKnqrLUIL,cq2IljVSYDzkVOiNraukwN-yo5rsHcHe5pHgGRsQzW9VYeH2dwzw5qR2,65
TtQAqWrmI5TN_dN6XzS0tn1l2p3xrHYP5pW0uW-5FFVr0ns,74alviHFO9ey8j1OMDrtoilQlMxiZ4eMGj7p9x42UoBdUw,543
zgNHCjXGn6Ax1YDcKak72Fq42Jf714d3UcLe1TaA0QvDw-o,b7u2blhcXMhi3vo8Oc4heyNwLLhvQHrPuXrjAvkEbPl-GaY,125
15fPi4e1KJIOqmA7bNiiB6Bj-vkGDktPl6HJYiknRR81DOk,54kkZtdMJJZ6k7BRGg5J_gOPifrd14wvS8igP5EFicY9aw,209
u0eFoM9y0NkKlP0hR1Q-1gh9v7uZB-4nitQMoHDn63CmMGY,qOPNgw7yhEvbyscUgB7uHNQvk_ydA6uOzVjwbLLob3IdqA,83
bJDEMTOKKhQyI98cuaF8lVguJePwm9YK0JXVrMidYZVCAKA,cRM8E4-C31BoowcMMXtNfUeyanQ7SbZM8WBPDl0BxqRRXMM,274
WyOkIPw-X_jv8eTfOiJqsyNKjDqgxQcRXdMLB7Lk7zvFIro,G3ZcJhASUzy_nezvZDSDbUazlCxjgauI8VTYzT-dxfuerw,89
4CX2j8xG5UQMOTp1dHBRg-oAxf7Kq3x0dhC4qgo0VGJqiJnI,IBRMgKqjcxUHPEhdPqBADVdNaH9Biu4sSWcgYH5kPFm8ltOZ0mZX2IlT,50
lrLktGJdW6QrjzM_NXid8vO13MYoS9womh2oZRipe4411RU,cobHKeBP_o9TD8j5j4BPdhSiYrFaCY5h6K3fM-byfh4g_g,287
Gj3rb-sSAmhAqgwcwfmVWIsadbeo1S88is8r75eh8kdTCVk,tuMdl2Hr1pe341EAn34ugE2ez5lyxGbY0Tp6rULuVNdtGw,222
s_8sdrdbGhmO_JzccBg0g9Tm_DcEPrZUjvvdwyJzwCWvpFE,afGyGwx1Syn7fDevc_DcuA6BtrPbo4BOEJEMLTFM93wnFp8,115
HF4LfuB-0i_xISNt7UshB4sONSPjEPDRIkYTrOwN5fxUrV0,2_jCRyPXoQfk9sORDRpIj2RFywtpXWyljJ6Js_BGbnQwBg,316
49bZfUx2qZ_19rKV176hcOk8NNecSnDo6gChQIehvk0562w,fZp1Jw-0EfL9zfAl71yYMsm5vembKISgrXtuYlZxlI55ng,206
qbQ5MA1E-dAEQEdG5G8BhcWLW_PqYbwqeKGpnZOxM2Clr-I,0rzeL-f7L06FbL7dqaaui_6gva4hQivxZ4MnEpa6TdGTGng,224
vWrs4J1VnKhz64YruIDDZPKF1BpF1GGFJ-A7nFycz9DJRz0,ljtSLOJ_zNtvtkv7nZ99aBqrPprvv3mJmvLeoCUEute1yTg,328
sJjXMkb4zZu07AVsGLn0rDMCLpI-KscZtts_UNKQaB3o_SA,DzJ6wSQhOpLirXO7K1ZLqv2Di1N4iUjYPI-czQNQGElSMg,230
mAXWvROJecc2NLjFYLvKWFivkf0sbIjQ_PKbCXdCIgu5SwM,6oFDW6gejUhT1GW0LIi_Xy776q6Vb6m7bW5Y16TkZ7rKQA,310
m55tlki8nRDI-SndxjGHLv9f672adkkQdgm_hy4v55nnPwgj,CpsQlPLvivQ78fwnGG9Vjk1H8zFi3KYnnHSoKuV4AKS1tqw1GtrIgcGv,56
rXAnUkGrFvHXTjh2c_lfJm1PByNtnG2vH6tGgcdXpnKYo7o,MYWemrISW4yRO-kuuWCXGcFFb4OqLJtVkCtc4MWMyZcZnBRFEkQmaKau,70
fw2kewrYH_roL7C3VDMIDfkDEviUBPnQ2mNVGr6cnVJoeEI,ydp7d69EUg1ndqgIcqtDQtVogo2xwsSyXgkKRHTWgakJcg,238
ZvG_hWG5PF91Yb3MK-EMkzzQXlqzH2x25KNDuqkxIHwyHA4H,ZK7RFEFygzr2RMvIZqUTORo4H5aDIRE-ZJIOAmoF38Xmt6WWBVojZFbt,48
8j8LkG8njd_P121RVSBruhU89W8XbhGOHHyI8BwJcW_aiN0,m3b_SowisZu1LZH-nke9WHW91bNRxcVVIJH-qb58LCm-EOk,132
MmtQJ3ybtnZ1GGlr9cGrAMiAmSd4O2DwnsQ2PhXfD7hPFMk,hh5wafNlPHhwlEZjQcw9NuTvnpHSSSlLfE0oGQy2aHKH1Q,298
1txY4aRMlFcwMrdCR43_SMltC-HIBZLRKRNY-6yyre3fRbQ,80pOL3Hlbsh0SwLtUQSvYFpDkfcGmhEyBZuwQ-l8WTLcPiQ,108
o3IdeZvdaP07_N4sNYJSaRfqh1wwcG4oKlQaQqgUR67xIA8,5RTC9nVW4aVYZJ4IOvgdTwKaNIPiOmQEyPXaFtxa4AN8-fY,153
XNtkPE06GaSga3XHG_N4dWnC_fs0zddrBR65zXUAxinBzrCA,zNoDxbCQYAE9zw38dUsMjpdvS0bHwbF6qg7uN81N1J3aR321Af4SeIMM,144
RNG4ch0OMlxxBAipiH1xre1aj0BD92qLZFhAtWke9-0AQQs,INukj8_iTTFLqEyeN8tQbfOM_Ex_p-Zdw2tayl4qOdDqsg,217
WEs9C8W6qYFApeZ18GR97YTp0dWhgb-JXcOgKTDZftuGZ5k,xb-hLjjwM7jT5QXypG-OYAIidjHRJQ6xEb7ly9XwawuLRik,254
ySDL4bJii9wzApjzwbV_frrsq9sLpN9qXdivtu6b4Ti7l5s,peQWYI0v5zPXy1BFhXiQ0TQX55M9jq2gLlaDquGT9MzDkQ,163
jZsvS3t3uvEUcfXf-jFjTa-Mxb5e_3eM-WxRuEKGTdSL_tU,RorWSw9tIW2wcXcDNfzuZr5Djk0bVJQzPEh7bBaYZo1Khmo,171
COBXB4NoWO054ObfneNsyEmp3Ilf_co25d5buzL4ANpFSpw,0abM0V8eJQUYJVpdq_il4Vaoam1kwrIbLHUt5SaOVqo6Og,189
FDup4SCOwjAXcTqrpJ9ol35y5omk6EHcluLlF5whhaYM,CZvuBEasEKSDQRfBi61etoUGOZ0k5wRgpmelNjD7WKQ,87
VIQ_ScYV05xCQESdKpjcjKFe2rO-Hrb4gRm8jWPcnAZmNKY,KFKKS-W2UKOTOd7XE54bvWXDFO9ZkEKI4gp-15ff6THeTRU,308
3cSS9Sg0j5Kn24O3WYe2ZFIP-UXdQ0EVShAOJ8oeCobklUA,uYN5-Pgpt8HJwmyZcY0Re9hwbrnjbjLMApjpF5y3bnilVA,164
P5g5tmbVHkICb7FMi_eAOmzDZ6zpzzFR8P-K3gL1m1Fzqkk,op3pEauQyNQQC8zsRdL6Thz2WLpUeNJeImcG9FJiA4Wdv6Cvt96Kv_9r,112
dvWrPRc27gkpoPtWXNUUFYCmrnBoYGtg0Rk-jCe3fjU0ii0,YxDwNizAu_0ctI6I9A_kUmPuOEAluLLRu4KywbvLCmzdV1g,123
8OXSsNFFrJOuqnoaMLY_HWez5FmTTZBXRU-6ZMduaVDf4ZI,d5bk1rLqqXs7RyNYhybuKZTwJf-RdaecUZQvCC4k7GcjmQ,268
TEzPM-N5Je5A43uvOp2yu_Qn2pFjeBDwudpQ7NsGQl_5qps,78_C4I1BxFUIqNyEPJcCpxMQPRqjiuHgn4tsK99xgeDUalo,166
L_UaCuMqUEATz9W_6mdmHZrLtC1B8x36Hjv7zAT-VZ2jTjA,iYvQKya0GriEgmwI9Vj3Wp9VBFO_lKeoBH6a-6odEx5qPQ,148
ezE5nE5n3GEqc67QyAydg44-AUiWqG4qbdzNa4ZsyyKU9kU,QPT409mkOVL9_6xAD1mo7HtQbkB5FqUSbRgQJk2kmhukF9s,222
yUtnZzDk3p6FuMpdCbQSWokiLBXL_32vCNWN6SZtEfPj2_8,FPivlyj1ac3c5Yxu61FQgYHp2VltleMy0Htai_8IQgwZLu0,316
0qenJZjuPsumlhhA88WIG-nn4--8FMZwuoncO555TlsCuT8,TSEHnBC9uGiBBqiG40o_qTmWPSbgPwMVKmYrp1j1ZQNnFA,128
CcN2n8OTy9f7PDM5ao2h4HlQZM6qSf5h2j-8OUTnEgnS16o,AYHCzT8CVG4g_qjGfF1LzO-97k4B4Ip46yJt4NU20IyPxTs,254
zj_nn5-e1HsWfKJ4f9vtl8MPl-YYsjI3xsC-gxxP5vDyb7Q,iImzSuKxgud5kfGO_ZKJbh5IjENHfCVxA_kK0DM0GjvPgw,237
Hfh6HRlNe5Ohf4xDUk8g4l01QdUWhzWvtwP4qLxxKtv3hD0,UxgKO2brsYUTyT1579orXqGLC5SWbo80Vs4uVk0c5FFLqCw,120
ETPTk9mIG2DF5A4HdAr-d28ENjXCkgk9NIQ9LPyCbb9cDtA,6sS05fClY3T0OGTIVbB6fqSSjBu_oZ6_gWuMw6JQBM2GIHk,233
303f59dYRGp77W9vFHdY5VQLeFqtNwQZp702KL7XcwiKMOo,oNkzDzoL5EvA4lNicQJQaKK3Nez1_hdS-dB_Ka-i3VHCyw,139
cRxEVP_zVyAhbEocVLVzQV9tLgwiMxOBSaVGrULUHKXaCoA,i4RIgJ7bZCoIsSFsPiqlce6x7-jKpPlUWL9gpKu6EeGz4A,65
AZsm8FOdHnOGfWEAeHwmnDKF1LGzZ0bLw6NTYlQP046n,mmwV2EOm7hbqWEKXP1q86zc_BSS9xz1l_jD9AApg6g8,119
T3sgLhtEy012RBWrRwP2sR7rlTijONfvwCvSy3dsAxK0o34,oMGi5GbgtRP4iUd95qawyw8vsK8XA1D7dwLlxG5wzz0xIA,66
el15payEzWeEP0ZNExlksCeL64YDJbomYGLV5cOyuK14_SY,Cl6-8rHjOo5QhxYZYgXwYbOVFl5oah3P8-0_e-WvQii4IA,146
psugasOcD-y17JP5dSAs_5WhhlkNnthaAgsJ7hJldcg2Ycc,PMit4o1qBlI4TdXdw24gyPW4W6aqcQfWwZ80vD8llLlBdT0,214
lPa00yzQYRPZZCDaw6kN70dWscgnuENf1ou4hr0eE09Gqy0,Xx2q0SdBMnYyGMCdKwGIEq1PPAcy7-px_cuaaXIoBbXOpkY,137
ZVhoDbKHO4bJ6ihbqHFpyq7ex17vJWU-d8CZ9tOuAY2b1h0,95dwtsvAGG28vG1h1a9s-9NwIIgK9eaSp8EfY6Ls5A7ZNvc,87
YhuopUn4ZqI4skbcKRs07-Sh6L1cN1cU8HdlT7OjC4e2UKg,uf6VBaKEay9u2ysy_9RdhhZrxwd-DtK_OqFblkjBP0kAEPQ,228
a9mRuw51zTKzTsw2ASrVbt1ROM1VCxFkRBCC_BwglCl3s3Q,xsSik3LeY0IVjSIh0yKv-yl9dB-zX6ClXM8WOx8Ij9Ucsnc,169
YM5f2Zb2oZq_SoASeVmF1vGW64d1djSGuw4iRwl2W2HpRDc,RJIcn-Hammj9son1O7Z0tN8h3X6pxcmdK7zpiebGeiPPsw,94
ZjipybibVY1DOrqVulL7E-4nvlAkqLSlP167SGyixg2W2ow,-oFpZEUqVhSR81dvEZAx0ZcRwqdPwLIhj-5smINEGrvpNds,180
CPGjed20quLeSfRbMEb9CKRIjffxyw4R_XdO7SvkEHA8XpUx,yemzwbuV8DcL4YyW9WO4sweYalYTTZE1vbAoZu_thV0NeJxVreccczta,70
cGhhssgzWpm6tUwOlHz7oZ0gkvfIppCbCb036LDFoM57IMA,atemO-O-yXHHeqQyJ-d0jEP-uItUcZAGvDrIQpUF4ZZOFJFIgZQvsLYR,74
cWkP1reansoIzmFmbLe-x83mZXMfFGvshtnHJushm6rCO_7g,TBT-g3nH0P5pY3v0B9LheIZoIAbbRJQruPrnyJ2PAbifs2E8UMmoykSb,74
a2bQKQR4zkr3bqr2N7nyUV0qvtS-XWaCLK2LgQq0ebvLzBE,kifXtTUMdiFJ1qtZ1mQrUUdxGWLsJNAFd9EKhJvByyd8FA,195
zTbi13sxjI3uXDrSgsWjn3Dk9kFtYNcuMaMVSnw2NiXE0-A,bClFxOnF2tXegSaEdgqFAvJOzioTS499j6x4xQgWrTEOkg,104
HRFDnXCvF7ssHhJMwg78ebLV5gKAE5Tld6qzwQ9to_XZ8YE,UeTi9iuV94nn9msDx6mbotrIkBGemVpwhrCPMWMcRn1dMfM,237
uNtukmTxY5-ye58ggCh8KxnDdYnUR8c8L_k4kMPR515HPdw,zzaaqj_ZKoND87j0zfVROPC8rTieO7r5gTMyhCf7Q75yGmk,127
h33q2ARP1xQFt2cxaQwn1bt3Lj0LASf3d5ak893Y8JNYaoA,4zLPijZIbERuVaBNi5VZOyJWVa66Xj7MVfndzeZazkFI82g,204
exebG0R0CFldYpvU5MgYQ8xP14ziRf0dyB8FXbGH6x2uEPE,KLD8Uwl50bC4WSYb-1DqJLe-0gy9TTvxrDsqRlQ8f3ObWYY,248
MOxXZ-CJK-BQ5s83y-cMF0QMJYgrg81CkENmAhsSr1NeeAs,2Bd2y0IBCA6VNb2TE_v_UUZmv2oMyjXc2R0NfhyLLjYksA,200
6Gpyss1tELAVwL7LbLKK9uek559PilighgdQVlTZJkastrSi,MfaSNNaKptRCmGkxYRSuywFZSK8WRhC9iZToX89dy6QzrnUYbjAPlGm-,111
lwzxWHHAC1f03SxnKYpoHFp0dU2PhVdxYBLoSB1fC9SskBdi,7Sii7f6eTDl9fcL4ykoaxk5cpq4BfLO-c4rB_046c6CgPu52SU83u45q,58
xQqpNLJ19A7sm6V9CPZdruZ0tekUWEJzk7cxgfVoT6Viyns,xFJyQxvS1CTktX9tdLROIoqgGTrdZGA2C4v1j3kxx9PGSw,241
BQUOsemrbstPgt7n6OpuTohDL94u-S8yK91gCYcLZO34H-A,eD75Kq41y294upABnCkjZcBYu3QvzCW9-lcOdMJOPWG-wg,224
_aK6BmvmedCMCWf6d8vfB4MZi_LXYc6WC09cqmg6OuT_H0Q,m_RAukctJVl0D3UhmH_evKUqc21e90jhin3XA0WeuDoGXrQ,72
ZdNBpIAgmOXIIn4MbZI2A_ZNYPgZ8YxMgSQ7LGJ-Lya_jXo,ktJg3BDEmZCQS0wqKsOdXa68C9Jto1CFcoQXHAY6OMe2FQ,160
j1rnymiXvstNucv5L88pl2tEQ1gBPw7IaeSni3ev6Wr1Uk1z,rw479EnEaKhTH1beFD-c0I1GLZciurhFXGKialOpI935FSeKTyjOtFvL,85
SjJaxrZI9jwa6oc_lZJ0_P7MvUx3A_gbUeRgGHA1hftgrVo,XDCJfNWMeEyBVhCqkHvotUk46I3dIDHSNb6Y69LCsRkyNQ,369
70d2-OnP4z-LKD-lUOfaGZIUQi8XDGC_Ed4zQSztsIeG30M,sycfdaqdNXDY_DqNC2uoS4Hx_9G_a9WFupAeBt4zKhCQbQ,183
oTtusfQ6NNQvS1Wzg1bss6TgG6mkhFz3lp461c_DbRzWO6w,8Y2tgGCxG5ZyhoEqkiWLpzwUUB7SGXxhTv0rO-eQTqlqMw,244
evyyCOV8fZ3hTiGM3JDqFtiqONJXT6NSj9BiXVM3-6nhE78,d_3tY_JuBHhUASTBMsjCS9fJBnEX9RMsZiPEuGeSSprgYwU,270
OWRbuVT7bDShAb6wvftOIkmbJmMK62HHtoSGVtNVAdnjSkI,4g5ACgrvOG5RxgmRys56l_NkVOdM3uWpooh-3j63wOfpX3g,223
47jVdAxrgjcVQkt7rc8IhCvBoU9TEMD_fFCwfwk7IBmFgBU,pN7uMOFBBsAcOb-5rUoih8iaEIlMWXpUbjReI7fzImy3-g,184
Y_0maNiX6bImxtrGfrvCRTefu86bB0llZvEfIuMCU9NJdJU,hEJukgImgUUyph4nI0vzDZxHppMM6SGrfT2kE1veiLr-TdM,242
7RBNdHZvJwi_dLbulXTGrN1x9fUjdn29iMrb2Es6SIGVqPk,TWzKGzsgrNLj3PDXpYi9JH23jL3-cGiEndPtZMa0cIDx5Q,212
VOK4KFRNJ8stxQE4cuCALMvmzITYN93VFL0pyYO0XCK8foU,jYmlaNXXKntZaOP8GahFH-4hmGgzh9hRc7WbghldssAH9A,283
liXkYS4s1ewqXmxFCEkrFmUKnOq1eptJAfEVkwCswAZf3DM,Ol8765ffoPT_EcRjUjhphqME3g7x6Mti0TeIMJr4Tif5tQ,456
IY2_2KGmf3nhmvUC3IZunJ9W1yo3uoCmznJygjkff_TzXD0,YqN3bcs976VqIlxEIXOB4h1yANbCc4k8BKe0a56TAcHfKg,128
KlPfMcZ4H0lGtEUFPliFK8DK6mK1GBRVHjGMPd9sGzlg3Ys,gi4tw8tCgsbBxpiAgaXlLzkR-rr8Lx_ijegA7hNYLBurNg,176
c9ijNgIK4s34XqL01oUX-9Wc9ZNymaOU0k2_d0N5HQD67OA,EtBFSeaoqSTkzxIuSUrihrbh7rl1uyBKsuKjm0_nE-h4PSQ,310
GeZ2sPIfoQQocakeXpN_OETW-WI83Jm4RcK2Jz1Jg2zvNFc,XDlLdL0DeXK0N2cfs_xJY1wZk8FS_-gc8Hfe0hmFGJa13A,223
pjjsKL_T4jbPwruAZyIslDEk48qHwqRgnBGHd4APRgQRF40,Nz-8QQIpxn7L7diss2MMFXlVSP_OyjUdf02R5KBT8Gj2fEk,133
PnegnRJekmnd5mBnuAeodHibxNTn76IXrA-LFue14YrsDM4,gT9d7PXvqyEQhhFrsbcL9tr_Uu8gy3mkYsTTU-6SM-Y3z50,216
ZmpWFpMq5WOd4TEeRSIds9PTjRTmS1VSaw6uVeJmSinHWzbi,J6iFV23ew7R_l7JrgPtQxt-FojzVv09_oHFFPEbRX9pnUAz8NwZTDUqY,62
VaAPqNEyar41-1wByG6eUaRh88wYuvzrq8-wNYlDPyyoXrM,REi0yVd4ROV5-jcIZUpx0EGMq19Zd-zBehQB9luCOUjuLQ,188
fbuuyxsfdlzCTgiXwRmumoP49FuRvdE_Q1hBfj54DERBB7g,B1FuYPanGC26eQ3ErekvtWhgpvgo4aXtC59JTjahJMKBMw,184
MLpgG_zB6ah-sBvf5fpiSs6mn1ssIMdUWIfo3mHw3X1isxM,Oz1WLmJJOJ-Mr9SlEOEJc--D0X8pDpwArOgH7t3DJlXhE54,212
geFPovOerUuYFukX-H8kXoV2HINl4zCylI2uG28tr93zf3mV,ybLF9lMnumN-mSEyc34Ry2PlDJFI1n6fhp-H7qE1vMHhVLjg-bBuBkyY,50
yWTuyBjBRPJnhkM4HFBuGSVgig5YgW7q6CKsa2fHNdQNrAQ,PK-APf1vVed8EKDra8ot1m609GBJMb8h8RGdADz7DBzCNw,262
8Nip9na_qnDYfXPh8UVatsOSxjqIEdLvn83TfvhwhNrx7u8,RnZFp0fs5aw7-CAiYNCLpQ-Bs6WbsBgL2tOuYWDx23Y7Yw,164
erHY5lmJN8ETsfPJ_YAQZ3LWXuf6fmE8b1FKWXkIOl0QbJA,KlTBUQ9E2EomDktaEUmGwpnU7WHxjlksMPCLXUChuyVn9Xk,236
Y_NFyUy8NebXt4rITDe_olm7WXwjtlLkrnEhSzQLhuolR_o,MXGFpDOADh_MY7WMAAPVjl6t7VPzAGXdT406IX33O-eDaA,177
p7mA4Zc1nmKKLY_vlDx3-KLDCr5pkigv8KsvJVQ61I_6VvE,nUM9INM06bZ9YnENmTxAWL4iRaxjHLpzsHRoUYzK-S0usQ,185
JH_BtQdYhJaQwUmX8QgOenpF66tIxzUggFYCcLb86hjyU4c,716v5Ez1OAxHMWftOz-_KOcdth8C8vNNU9dfUXl_udTdcss,116
B_zYe_v1OgfgmoAn3sCquaqgO0WFHUGprRfw5e0qads8MLc,EUZAcCgUdYtFsCycZYHfqCn-3XOkNKxNuTgpy_1IR_jzKQ,217
3vzYhq4L5-Fwy9_H5o_Bz1n3uSvrNkyVFjKdc4S2C0HFUEM,yMIR-EvarTIwIlDgS4EJbimuSz7A6H8uPkGRlyvdO1PBEuA,119
4SSr5fFgGNsJWMjHsD2drjGw4v1bplt2P9B8WJCnGlfOvZKS,Wo4iQc73Ibyv_mImbU30sIJbwqIR3dzgdMhZ8FZs2UfmvK7A8bUih7Sx,147
f0pIL3GKpnskN-5Vsx4fF6UwPQu2sHGkmcdP3hksbNVYd5U,-eKdnULwqcJv3Vs6a1sLg2HsgZ0NIXmfJb1givmvvZH2Eg,425
YfTq19_UqM3y-7lEbT09qTDuVkp9nxV6xy33MyfMVmj2oQg,kdDn2vswHkiw5GzsxPDg2blTYXyLULhz0IjFZGuu3c-1Jpo,160
ubpZUT6DZl1Gq1KwEWqdj4vfqr0tU2J68okuLWmEK0EFXMc,W92o75WlqhlVMmrX9ZbGD1jaB5OpxadCbqs1lXg9osJ6QHY,224
sm7HV6Kr8gncSaH8FdVnTbR3voC2OXLF-iVVwReSMKrxfTE,LzcTCHl6E2XMJzQE-cl0f2X0uGXca0we9BYiPqcKJwF-7PQ,206
J0GdcVgHmM1-ASosFMwgkelmEeXESBljb62pN3giQV-sztA,2hIV471qjfB2UnpzrVr1JnHkwRys2UQNrqw2ckXl7iH_czM,119
kCBvQgDUQqbF2ctsD4gEqCm8BG8UbA80ihHqDUQSxLYMOcM,4VRRwdJDK5eJTsB9ZTjbOH5bQn-eNREoAbKSXiIFvqpkrw,131
i1W7JOrdB0ohPF5zMurmyB0VR28gdHwIrwiBKultOqU1LWI,6bPQ0rPF9A8u8FxrfdzGgRdyzKiMAhCo_znhAusIRKTZpA,111
Krn72s82CzVdHZ1jQeqx0Xa7KBebmJULs-x2-0a2r3lfD0I,8cbFtTT4HMNa-mvMsSI2ZR0pwu-Xg2dOx5B95P-IMDboQqQ,88
8gRMWqkXRXZLujzk9-I6bDRfd3sUhIWzWJV3UCH7rWQAivU,cp_6IhIhjJoCjqTY0c_0f4dVDcogQT3s2R5d11aq3BUw2BHJv6AP7qTG,81
NCBlYj8mlqVwBOEQXiTovhwozdGThPDBMpPOheIx0z2TlwA,qeLIfn2BspZdGeIkLZ5BobKX1KLT2BSol6jAfWNR3DCyXw,299
wfq-T5WVfqAmiA_rJ__THpNhgtBCx8jQ-DQj-4Q0HyWL7BM,9ZRe9_hnzhrS1Tc8bI1DNZA1gtpyBp-6gshCgYzHIL_ecA,170
ixCt-AFYj2OJCwxvVI2Of0mlsMbCA5D_7rp-EG_K_wT56e0,YCHSEpuz5Gh8Zwp9WouxCwmsOvOJkRHAoorBl_qmdrFjTfE,122
dOcAzjYX8-KGWR5QRNblhd6FSBXFhk3WScVUb1wJyT3KjU8,ERqbWS2vdb4sCI6hEoIBW2YlBn-nQKmo9CTA0F6nCqd1OTo,240
Nvt0OZxhb_coh418kIcwNfzy1VGs7FzAmmMAt5ArDyOdhrI,MKF8OMYgXjLi3k4-nWfPDx5ArjpBYGqtIUykvBW7S6I4VMY,57
Oc2HvtLAYlFKR-xDv-3QkeppZwmij926xADlBNpAmN8KWrg,W0-6PLngjZ4mp8Z_wDbyCu4Cu3Yw1eJNYZ1XpTXTrtWHalc,93
tebJfmBcG3HfFIbfk4IzBwbfDi7clizRU3YW6BlvysMNxyE,PZUlHLSeT5h2TABpBsDa778WtKOBM6jyyr4zArJlT5JDb9I,70
9PYKWh5k5Dhxkzvb-iLpkeYM19G-s0-0bNiUJvm9-4Ew8mQ,dUoHoRp62DTgBNR5lG-HieTfRDf3jFmlAcs1yrjZBGEOQw,109
Dbgmui6TZQmJtTu0cF56rxqMuUCqDjjMFXw3FaTsM6IWVzE,w234DpF9IRIr4ABRc15Ok-8AsDW582OpzH8OJT3o40LMJw,312
RuRbpBGQ580fnluu8oFm8vRH3_RAptatHoN2h90KbUrngoM,jkkdUenC1MHI9Bb3QLCXYFpZUlQXqT6ytR9fuoi3VOyOJlFOjWoKKhI7,223
XV-_epkd9kHgE_2pvVh3IdYh3ntlYixow8nn2Emj7-eT9po,o-crB9ZDPgcgREOAPMXk-Et5tgMBoDVX6-1ufutcl-TrNbM,206
49ilq2uJWi-GTXpf-matEj0_U3sj78Tv0a1mnSDgXjlfpl8,YeqfBQjOPdgC6WMgX0LWvGpFZ8Bl_9RPWZYgI6B55Dyap5U,153
VMXNtUn2m_A8upc5zVSaeQzLSRhWYfwXekrNXRhlynDhizjY,45h_cWJiyYqyan0qBOKFBBHdcAWPJh0Tpk_am-sHcfMiv5eYJIs8e_A4,127
tYlJHYn6SipUy0YzsAj-cia9CeRR3hd6x6DnwMr31UYHbvOY,a8eeIsKOM4ihGc3_lYBxqdf4OC-w2SsY6V01-YA9Gpd2Gz4_Bv7jR3hH,115
7uvh-2E1HNx8CH_9sQuUTZfLu6aq-ZkS5EIt5WPeGjcHMY43,wxSX_oG9jmE0QcPtWdWKlFX6mFGEN4htpre79BB7uQey3HdkPgyI172J,113
ZjEnP6aiFi85iSlBv3AMA9s-pY7IoCVuat7qco565bjcZBM,ztf2klbSj0K9-TG8d3nZvhaTkDSE_oea2ithPxI_sg7C40c,252
v5ZQItBckIns2K_7X8KRCXkFrkY2F7abrk2pUQ7EOWX4AD4,Be0pFrYMwbxWZdFo1Q37-WneNfzvdLqUdOSsSWdsl4TUZw,197
eAi4SIBnsiIMzNpS-2JlnIxcAX4nwrFEorE0XMj-zQmGYvo,ai6UPtnNKvwhHPiOtwPE_pCxs6_ne3hIUbg2JgO0Xwqb8A,63
ooz2qdTAUohnrcYaOymZjq7METL5awdF9iNEArgTemMEZoI,z0I6gtSahjqJv_4nkjVvJjpS0SRiDxtVLocS9Vqv-bFZtKc,81
9t8QrAun9xbmYGBb3bJJhTxH6Fv1AwWoCDixIdNvaSIzyIk,iWAGPqdtferSetlaYhDqZshLvKsxvuoZ5z5kjTp4r9Tsg98,72
9VMxUbgCyKtXZMY6BiPYbnbVmBexpWrMSTCYb3KuzTTOv2s,7Rsyn1YBXLwh_HomXMf-_zo9moGci2VpI5RX_uq_KFgUNQc,303
5sHPetGePPXFbsCk5ufmtW6u4t1DM5SNGMCQ7yhQNW1sMkg,cDLyCqhVoP7vXpbEEpjhyggHtZTwlPbYANfGQ_Hoi4CLeSE,315
yEqXT5KOdK54LSHOW_4HXqJQacoN_916Vci8nyMp98-gdTs,YAd9JdmCUsvLNKQx45qQT7RiOvt43t15t9gPYCJtdVtB-Q,208
Cine4BrYWLztZxbNWmQNr1qX9bzGbqg7F4M2OPs3fuHiPts,0yomxIupnq87G7Tk-073vjCGDpB2r0r1A24oPAkOoQSHpA4,195
x7x7cGEhM2vw50hC7QTjhswJqB1Pj-y1MHb55U753bAfufk,kTdmlI7KuN2QdvlX3ComSJ5JKvLc7hQAgJ0xZCNBO0RKyAc,72
f3_w41fAQUjn7r4JWsIn52-2ZGRAUWREHW7WsII-bY1nhoM,w6OjSGC4g_XF5tnzcdPHwa0VKhsrGmKiVNcabxnjCETN1aZ8og1vF83r,194
vYpDahqzk8uX0q5nbEoHZb7GS-EOwn4biCMCF0F8HdUI9lI,0mMId8R6GPM1Rz0yo9tj6y_SJc22id6O2nauwmWUtnocDg,230
1P9CfH8QixbKPVrHBdHwclJAMnVfd5tuRaXWDfEZSt--RoQ,geKupYvGpbNsxMcxer2_woE_4QO1bArcTsFM-Mx_uCbVSQ,123
kdsgoJ88xHAGeVB2lggc_7kUD_USPCuTc5EaqLi2Zn1kVZ0,XfvGztT5F8v28OnX-pxhMCM_YiZhRzLTp73KLlI2OlGsH4U,128
_F0l4PdQ8Q-MQccQSEu8CNZVtXCFEFd8Pgq4KG8xLqfwoNNg,US4KsTt322VKP9ZerJmkTUvTtmLgwTLlMTs5-F9crFVtX_5zndosftM_,85
TW2doxeYMm4ySlQ-z2DBmXB8O8o8r3X5Td8TEfFC1D1s3XYu,T-JfFv4mJRYeg8mKjX6J26BFBLdwcUuGzt4dcVMcexCQGkzf8brPBDH8,60
5Ykym4-XMUQ42LRRGCIOtBU8Z-6E3CfAS1p-FqQk7Ow_L0g,n5innY9A5EJEacAsVNckakXKW52oC7GsqsbPFWV1Bh21NQ,296
oUZTehZmvn6tdFDTh0u7VeaSbf2J1U1k7xuowZaqNCeYkPM,WCMk0ogAnrWm-N1ZvgAweMWav110kh5qaSfLS_1jKpry4AE,151
fF_9PI2-I6I_jvO9sutVHM9cwLLuGvdW9c7sTojO5mxGzvo,4tSJYDzxw6L3dc8kU4WyES2rSy93bHCgLUVcKL3rPgyxbX8,229
0gsmmZl6OzeWQUAzwW01LjYVzagYWiK-QDZVMJDWl_WlihY,9OTDbBukDRwhSLlzj0wmgervhGNEqi57VIYCA2QT46_Frw,266
suEsWYBbXEp9X8RYmWgbNv4jaGAI8X3PV66aX8TkMy9-Irw,RAgnR6dagG1omaZR_LWrb0Jc9yD0XIJVFCoNDlBj_ur89A,269
wcgBSHIYOCoOz0kWHe9U7LdMlizqYQfgrw07upVVuFtxA7s,Y2jN24cHqzjwUwVyX1KHmQl9DLzJm532RLxHPOOMnSW2ni0,153
nn7F9-mcCnnAYN8ulnixsRd6JD8-8X09ZHGC6_K4lROvFeo,hJs8Yi954mTBSH6MU2c8KrcFgOMqYY5_6JEO16WNIxCq5w,199
jCOOvPPaa5LkdLbAWe84RbZDpZQlTJL0FykyZy0467J4L9Og,gIw-0Amvpz0T1tVqNcwBTYjMQG20OJMgNcm9fmZjU9ZGAEBfLs3e2x3P,48
h04ChLt8k1bWW9SFzzEoPl-fM1_sfX5kTrlOCNzerwX2Ro0,bev9DNEkGe_fyn8RrsL9Z0NuAOOFspg8VusUJp-qgn-dpZ4,242
fF6l7E8AgM4CDIN7mb0RZ3-QeEy-9NlZYvdbfD9eNpJDTEY,yG2caLpZtH8f3HRcMNTwHO1j4g1tvVcGoLauynO7K4j7Cg,274
jajogD82nXvT7ST6X1VNIxMRaaqdJ7xbAWNIqKbcqCqSFC4,yIbtyDX_B8UJWZwwK8NzByCFyGZ_lbzy5mBTreqgB5_rw0w,94
2-Pe5nLt2lP8tNHyVga6wEfiMZeoPxvrZ9gw-dojtko0VbY,K9on_4IzSV5d-X6exNYWORLD7iduoax0YccE5h8MmNV8q2M,195
5altRCH6mpCiIJ2Gr4Mb-lQZWA51GdsMPqH3yyQb98zA9qY,ghpXf1t_o3-QN9toqiZy8gDBUULXppmv_jClNuxJTc_6yTQ,93
_1jX2OYew8kSaHcpc1uqItX2VKAm2QfPZ5_lKCKqsNS_3V0,cIz5VuyNtcOG6IEZ1Js9Vf9d6ZQ8LX4L-4HlGAOi3Xlbvw,287
7f1I_8vIrum6TSIc-tlIbmic23EeynKH7rUZ4K89BJJ9hDg,xxjhDGZVo8JQ_IN4WcbN2uaSRdW0UTnBkhBiisGxJNH8jO0,171
Itgai1IEXnVAcmZJ4eeozFR1aVVbGIr1xftIOVhHh94XmAQ,iaAnBY6MslwVXG8GQi2vKbqkjQPjtCkRBjt34CytXWEHYA,302
3F74JgSOMh7CXJV6osYtH2jMEK-hL_IJbcbWRxcc9Qnt7dU,wloAOH5BhfetcZvYzRrhij7BxSehCtNz2aXQmdKRyJ_OlqQ,505
6ym55W2Zll_Xs5E4ES7lQbEEEnbOOjj8L3jdFIX41PDZBLs,SfdHjp7JFHA5YPGtYQTs3pmiqMyuqt3Xi2HmhckI-DAjXVA,313
ZwUsipiT_tR1KZespYa5jUtPaHP-gsMSOlqFAOOG6BCC43s,qfzolYYrba2vbHd4F4rdKviribWeYkHxU_re2ubYE4y5tQ,195
