ZRjlEowP8SsCeJv1d1TGf6rzYVqquYpnM8IdR-JEcvhLPwY,Yp-izHCG4-I7-jJU4uH8JLpFSlO80VqeK4Az2gZSYe-Dakk,172
ZfXKSy3kq8nC8TfC8K4CDZSeUoB3B_K5GIvQXborW-riYJRm,vS2MN0gVMImQmEl86nJOI_NVUpowbFbS1OCfZXYH2pSkz2p8R3gJg9Vq,53
xNl_hrxdL4fCx3SsLRxdABsmKdJ_YbA2sALZI1aHTA8CIg8,MEbBXPSwl7E_PNeIRdiNVIPAx6gm_v4MbHV6SivZ9bdRPg,128
zYYDOiljF_G8p9PFm_MJPsRreFulrPuQUwOIwMB1PwdG0R9w,u9N_nmk8ju3oHcacbx_AQ4vks83D4q2Wg6yfjxVep-2-N_Re-t-83W9_,65
QCFZ-LXWyvzIf9VyVtqXekwDcZhbCHy4gH95BTRLaqhy8nk,cNqYWM-Zy4bTevTj6JEGag9l7xd1ZmRBjKMwFHoOlVI_b1k,86
qZyAP9YnHe8Ef8GMSyTsH7qqwm20Ej8K7lLdZatbHS3IsnE,-ihB02Sme8dFmaGvpTWpKyxRLR6WwhQMcabGLHrqxFpyJw,303
IRip0iMexTp20LCnWh4KCHrxba5cMNe910EJv4z9c2A1nU4,njS5VBscXHGT65q4Zghy1nY6saU-rgdGtTpBlFilSxCSUQ,230
dmPNtMrdpAvXEgDA9cIQKFKIJtynU89L2yDX1Q7nUG2Tjfk,d1pg3b1f1vLAFm8Hsfsc5HEC_W87SzU15TLUK4fnzzWloms,147
3i-GUg-yqfXDReiR92cuE7sADME5NKQ1Nn5_6lNVNJo8cE8,JjUb8c8Fky3yDbUmmdmhJQhyyEqPrih9rwINjbfD09cONnE,146
9ofy3yBagadxOyDY8mR1MIJuvxWcu41APziPlFwyTrMzXmE,18AqjKfyDlhaiKi7gi-p12y8dcRGmJ8CpZbTGs3ZgxI38w,179
mF3zeCpesDovPnPdJCMhvtvSOZD7yTT4gOtRvRPC3gZ2G54,z3zpmQk3RVVoLl3lH0w9O6jSC7mRM-NhOCLSUG47LS70MA,249
p0Es7XdaxD3W7Bwp7p77k-CVjqkekX6vU74VClCc1377VG4,Xxzid14Loeyy7b24zky6v3tf1Y83bxOOzPF9NoJjsznb_FE,101
vbayGMvDy3w8r67pXqnX8qpHavY1G5lFw55UFf52NQSSrmI,2sQ6b8vOAm83s__sdmGPoJA6AVTpiqimbEya8gRf0oSJLRhNWHxtd4ta,148
SZmsOqlS9mqCTNUKQsgCo3-ub-m-l0krFvD6I2uUSnEcweo,FVJYB8QFpEjgskTNEizClBURXO9PJjYERZ9uQwQBmA8FNg,251
ShcSEfW8stOqXV_bUw8YNLcomawgcpmHhUPMBO6I9hjru8s,LvxyMH8kHdZK0Ydv7gtgUZJHtpf67jy5Lm_63eGXlvkD8w,42
aRgRIxXM8RigadV-V6AePnsRuuzJiu1srudej0nP1o3qTqA,_LLm5uOPKDxNhNPjioBU6kM9n5Bc676kI_siJEdIF4KVug,156
j9HezAFkMT1a835H6BD54rCDPU-3H-ZUBZwQiAmEvuZ803s,sfRPiDu1irYqPLy6h4bKTo_HSe_sMMlMbAWJYZk_u7XnoA,185
EW27xyx5EmW-yeyqvbHnWPCy2u6z5aavVNsFJC5Tb0_yuhnW,4A0aT-fcyi9GBjfJn03c5AkEgMeMI-eD8RGnAjWae3f-NS0n9uHGgpov,128
yFFWYoiJAgkUosu4TWJKLyGfQWkqCX2jmcxjUBfw7_0RwI0,90gjqbsH4M4BCMBtmul3iRXXUMTfSa82J1-bhpDR1CtnJg,48
RmpGUpmqs3gskJVGVRBFkaOGPqnj9MLN7r5wPLatu0UhyIE,R5wc3d9hiNWJBjbuSOKSFK1P6H-OY5w1CgQ3k7aX2slogWo,380
imEAfHsQRxnIXqHYXtJI24I35cBPw6MqpY5urJKbu7uc0mmN,5oLpNj1nVbIU02CF3vngs0MJJF7SkJEDv8DXq9zxC4_wNXoSW8fX7fdc,47
GXUEzXrxxSCIuCIFPlNJ-zbYhGUBB1AEG0aXXO1q64_gpJs,D_MJEBIbcE3zjo2s0Pdpj2GaKs917oztFr8ZJs27lPs-sA,349
Ef-FZb_wqTRtpc4Wgw65gc9BbAp44464e0E8bDylEccki2A,_xFj1GdglFYklfP4riBAB-Z9pI0Pamap6_UxF7GI1cd_xds,145
v7bfarUCSIc3vnJpzGGD2S9RKiZxhs7YtFdpWAdiX67xDM8,4_SAzlqNvTOQPkm6L19_7td_iUmgE0kTpoxen1OfXPG9tyw,259
bujTDLWGrwWTS_P5quVgOYHLdqP_-obtGWutx9tGOF3_Y10,VWBhFzUPhZeCvP8D4FqX6meLxRFV1dG-MP0XW-Pg403gOXY,188
adsnXYvcWaZbG0MUrFnuZ456lTQtKdZ4Xr-fEces7S_YIJoj,USXcS9gxmxadqhhDZe-chSexhNwAvm1NXB5rwJRCz4diAbuQtCbwFMXh,98
bJtItsvUHQlds1wvYWT0RyQ_kpVGGzqNK-_NO1gukLe04T4,P3Y9Jrwe461SKHMaj2PRAW_-JhLpXv96gQ0mNcbdyHdQQQ,328
S7VxMPEe5bR9XvfRSMLIvHPAHtGsr9se60KLaqPa6-43PrY,3_l4sCJ2dXHytiZoAI_xRbQC-RNhE-2XX5LBwqOHybkgtA,207
vBP6kxzgcylxNXHLNdnODNvHTVpzrI0VlLQZ53cJQfSx0tE,UPPf-dPnDkPaqMilDSflSmvmfp456apc3T8KbmygNNsBzXU,371
7O6gPMR4-nmA8CzuHFFZtNWD7MPd3UO_ooPGHrANG1d05-I,QakzCUHJDsFuRNHND-cdL4PRe_KIuelZG7FylpUnA6EGkA,59
2McimhvArNq1Du_FeVUR65KRREHuKpg28O41pByC0zHD4Xc,xb6MbQh7OuODXGr0fP0xuJqFHPmdaUbwV3b9tM54nIfO220,117
PEYx5me3ey-zuzRAvBpmNLrb7oHyaGoWQ9UdodNYypiwvGY,jb_epHvltnkB4qe79O3Eg_7igB8UNmV_meQFCkt1L_TRbA,307
elK8qwaotnl--6W5Gwood4HCU4g9zvh641o5wzXLaNVVKc8,e-176CsRE9DVJHDAvQPpn2StX3nt17WJcRYLN9hzj_Wcxg,284
9r7_SXCcaolXxUXK_-_09RNDZdFx0QRDHANR9XuoycM,BcD8TBUYZFhr1_LTQP5xFnRld5hdzgRbUSVdQJJILA,124
NARkIDOj2dvDMef84HeD0OeR029p2g9A1tVpjJLYMYKSmOA,02J2xzbc0o0lNWhFOUtR5pK246PWn9pTQch21XzgNxox5Q,164
MbHBHdTVEtOXM2NW8aYjMXKxUV6hjYkJpDlrxMbEcuTxg2A,1HCDYfbdNCKirnVbH5Pxfx9ryjf48Tan0_5GQJpPAwMMIw,161
zwPW6e0KBVyQNTm_MWA9g9EbPY60cDyNyA0y2_Cb0jS0J8U,xQYWE5Y6chq-NQpOFbQy1THFQ6EZ1dTQ3vBhzezjoU4TtQA,226
Jab9EBnQTNZgzkEn7tiCKZE_JgRSAF-0VUI68S3E4K9ooj5g,WxtiNTKZew-YQQlEsCxiCNPDoOr5KpWiAQipXsElaEe6VxnqG23jEcnV,63
nzh6pgUscXJtCEocqE-gQTxq0Jig1ORc9eM7auq8nmuZmII,qOVU0ixkMIlwz9qPjgKGbgxNrRySB86VLH5GoOgvWM1IAg,283
zUyiOvIZfFvoXtUb2roXjGEenOESdYv8clXE9xOUGh7N11M,VhkCzpQ7XEuiJ-xc-VF1Pzi4-S_k2IY4xLgp3SDS8Ds_sVE,244
pfdLnEz50PwA9cljTmgGQGNBaIX_2ybqKgQroM--eyUUhGk,XuvnTpxvaUGfDuTKTi66CmJcn25PtIgxOqDUW0AHIZ7fgys,318
Xj6MjqiS2yV__bmPBaLRBavIxFBkmcznvCTFXGB-W8OUm0k,-JRkvY4QuMkNSB2UZ2j2KnNCLo5beuawkHT0RVpKVroPNw,267
2YQlBNArBUD5OewdCuSgHLqWrSJxwM0uoz27PhKIK9Iq2Vk,HrRqXCr_0-Up31rtXUv24aVNBTqxjsvBI9f7zTRAu0AUEGI,279
oWJsgBfvct3b5puBmndXCQPvJL55bmNVb2vPadCM9EegMv0,3cRxlorz7puxHNfcE6YVSrfjqZr4pQU1WyX29QkexAxRWVQ,278
DR9pxOGTkTwMhHYBhO0DOnwq3cF-WI2ifNw4azC8UuSPZ9Q,Z4QTjn4WCGdpeLH_EG0eVBJ9ec4zF0itYvTrOf7LQPy5dg,280
SQUQTvtNu6czMOBo0yFxHmeDaIDFehjeRTdigqvj3wIk3IY,XyIEbkLXsvAcGW-vSDIGVz9XKb4CTQc2hoKzF3vvHsdA8d0,235
2_kBvmJb5QvIOzyv9XXvq323og9fQiQbcrudlwVmekI0ilc,k-cl-2CyBKBLN1jy7x2ASY48TJhQBc7BXnrT6NonC6k6ZA,417
bQMuqfra68HBkGRlD8CRXMcTmzGLjreru9PF7GAvHa_d54A,fei0-YvjFI0LbYxErnhk1BTLwS35LoqXWO9jjJ_3x94Dew,220
eBKB2vOOwlRSAVuqPMrL5Qctr5UQUesqmWgbRGBYX2QrEAio,tYe9h7fwwgtSaN7ReuZnZDe0WRE5r2ypklJRcwmeRSZJeEfb1vc7kclO,126
YJaQFzZvM8bRmLfSgbIPGucHlkhfrNiekAfKdUk4pky5R0c,tgG2_gBOW3cnwWkj7EC6-ivuhH7zZuoPJYGzw0V5be0Cbzc,89
beyiy8pV1aw2EVfRTRpLyDg2UD1iRB4SDzNmanZgptnwgNs,ZyT2MK9ThND1VKbljzpettxAbiTc1s6aqomQ3tiIIRZnZug,50
y-RFmA_BDmgwMCaBpNYcXkUnjfHxQi_jdZdvCaWsXiO1Q1MX,fvbXxBHAIf1vZ8Ox4jw5xmbiYJ_Zq0FkMdP4D6pIAxnzgQPjkVMB41g2,54
TYIt9axTTFAiRAjTp9qfLOjSzOlR8p8GKEBXFROtEgnbE4U,GR1svgSIRK0ftdSiG29nMaMJAjVR7-0EtfOmHTDxKt4RWA,149
Om2tdXV7TS9tFz4Btp3hPHRB4GhBb0PH6e5GG3h82-BiaEY,AgHv96n9cSmWUHeQ7nLIBh37Ce778N26klAVPPctiN1w2g,125
WBpj5KYhZ4d8IsoJEB3sfuan67NSUKpr-usrvfOt5HmYNZo,rbYoobL8EXegPYNgNk3-sz4AoyJKG4ZorD0qvUVE6hkD-g,327
poEKtV4qYJWIqr6rsAwly5tapQvvq0iPH0vFVog5DrmQNXU,KgE1CYk79o_ljw_2zCY_PmJeWga8O3lY_AKNkmMv0XRLyHQ,248
e3Vhpxzdo1LqBnpjNCpkpOkRtjVd8P7eLRuA9fajOgEKkxw,MhNFeal6u6JT8UPqXu11-rz76UcVyoPPGZ0TRgKuVxqQh66impYX-wUh,93
YaqQCdW-8IiIMHMoz0G2l4WzufC_DVCJnuP-Zrwz3zUhCCc,G4YS55f0wKEjKxGf57gEUdjtERKUSpl6U2amjG05G4Bk4lg,194
yJ1W8b9C7gu3GxEsxM5zrzjDL4eWAl03x6000mjGrcUkj7o,ZdZb0Hi3y3uVb_FZnrHu_XjTQEqWWwnhMnqqlF67AFW9bA,180
4z3XKCzGW-eYlnwlOmlz_CyTP_AOsftu3jN6m1Xpv8FLLic,cm3IcH384TnrySXj-BSGaL9IIx5ErciAUSMgVm2d0C1qE-w,339
60vZwOBhZlupxTuYWj-GtSavmJiQJXWkJSz2dmkb67yOt5U,COguDcNRebxcAXoeIKgrG6BuMGQTsttwpHiFExNQgnpBiA,248
0h5rPueVUTumam1MZ6Gh-fa1QfgGW0QjOG3K9r3HVuoS3-s,gEJ_FVuvPGiUqZSMGLyPUwppG8wfYhAU1G5nDQ8q0FxZ2GSlo0ddnEr3,64
Rx3gxGnh0UuRQvKAZadjK3VXRvzUedOtiuC_9TwKT0I8DbI,VUJzbrHiD1eVKuGSVTRCzXXec6MmlD0x2zA9m2ZEKrAlEUQ,99
bzMALGxK9FD_sfz_WkPPmRUELHdXLaRLmO-6aYUp3bBxyYc,T2Q85U31Yoc11g2AL5Y9Eo82bNsl-HgeyBo-XsrmKmLtkQ,221
QLb7M1hA51enUzH_FRz5ZolxjJEY23pX1zSck1EukfcLu3k,mxTeBjVWoVGuhmQwk8NoiEFknP70hwXzaMDFVmy0Bw2cQVY,150
NTIJhXsU4OHxVd7nKopd7u9R7uaBjjqIlCKXI1NvstSk0Y0,PCYzUBxg9pIwR_irTmBAgcsMGq28neEMJXqnwdSLE8BkhQ,250
Adga_RkbdMZeExuLPmPCjMPgpmsnSrQewQckWx4sEltyJt8,3QzzmXrSR1DB7CqlU3Ww4DIRVDRnMHUdrmo8J3mIgvFbKQ,126
zp5_tV9sdLvGbs1o89Uoy59kTmKuo18GSh2-LRO86Jn2js8,cOUGa0mgd0KYVHCswNu4BwI7_sL9wTqU3rly-hNLXpNjFjY,48
IeBPE1fcDHyTiviOz_-L6AC47dZde0ffRH8oeC95OuNsie4,CAXp9jIO5A1B66O1CpsA080jD9qvptkGE9QVs9xkh0AllSg,163
VoL0m6DpWSPqimlw94znmd3fZZnHVUXhC95XGLplrMtoT5Y,IJOShj9IPsMo5l6tiz4PCU4V1GLTTrKwd3fIDcPzoO8VJhE,381
zshczuh1hdjzK1OnjSe0fyQbaojNjdO2TlCNgNtSalbtK1g,xkEhJl5QgTO5uWaixJ4DxY1hRWn3F6bObvKhEfuC0R8FTxM,99
KP4WJp50xxPFZSftVPPPTBjl3T7isMcctX8IwOHkrv0JqvQ,3vY1jGBf2Ocyh9Xe9wiu0Rlg_3wE5bKFNZHgBLbJpbeQQA,169
iFpIvVYlRgF3JeLnJpZyfN993IQxxdhZ61OhbtcAIvmfg74,P1AjTygQ-0NVr90kRs_swD3xxkoY83Y1Gb54E4GucSiVDdo,74
JhKLnxEK0b94prYoEBBeF91zRHZrm6OiaNkBBRUXUxdm1ME,Z_mrdAEccSuN4fyhDBHDuDMJtYzSAvAWhRk_cbBBxTNXfQ,294
Em2Wgtyyom6hL4DhVNMgNygSCPrwGoprCOU6rfnK7nY-JXI,mGamwe0oHiTrqDPjRJ5L4b75SSoJcJL4LkxmnHgitW-CFw,171
fgqWjAgXC4rKsUzokfpkf4IOldwEsK2tuXbUR6V_tgCtfXU,BXkVQNHFk8b6gJwI0M6ss3igzTMlgGYr8hS7pLqV6LZuQw,89
1dcYA0VXgSXDvJ_JFkrLFTSXITvK-b_UnHHfeQhQGNwLb14,KdCquCQCpyqEw-V4E5jHlBwzt0kdfQGXI2ROcOepgQt2xxk,170
5G5ez8lb7yiYnMqhpFLIIB42ntOv_NvbjbBj8wpj5ZSEDgza,Ru_OsF-a0vNEvw1CJAkMXy20sFB2BQnRJsz9VJmSzxJMjGP0FfonDpJN,60
kWyMCUVwzp-8blFn9GABTy2h171ItC2GiPj789gN7xvTycA,qc94jRUgcQTRyCd_ruB56Q2YA1y0gU5nFx3QKums5y2jrVE,376
LU9-c5YAqTqw49ffET5S4sYh7CDWVQVjE6aNzIMi-Zz7eOc,v7cLwWWHaakhml3z_rdQ2y8aR-uW4Zz1xzoUXO6_UoPAnPo,197
uSFWe0_T0JktFCSIeGOBElYsmbCWjrD4dO6_cyejKyoJq6Y,ng40otzxaM52CLqD4xunKTRYmvGC0t4NX3LwijLdKq9NPw,266
k6mInb95IdEKs7pQ8l3BMes5f0g3lIlDsO6rNibLhd10psk,xpg8biYhApwhp_ep127SQ7XbR0lAbTTCbHTqTYc5rPrulwc,201
K0ejOy3T4FDZ3UGMcJ6ujNu4KYJGa5pp1jDV5oN4xybicbI,jwJhF7E4uCrjOGeUoON05GW2NxbcG-cccuIVTs52tspwZfI,188
KonUklCkS7dpUIxueHQ_qnojrDHskXqRAqHVScJxn5iG3ws,kqbWUZ1r1-rfhSx5YDSLJ5EstAopsRtc5HCkGnHOkvXsEA,400
qBRhLBJSNAF1N2cZxNuiWyZvtclmjFNkEyqCrYCPYUsvqDc,dh88qNr9QNN7p3qUVNk6qJbN5_hJ-fsw-ixqNsjhf2AeKA,102
iXZwMr_gfwmK6sDze4cYOuIxDgzGb0dbW7u9GIaZObXQxWI,XRydQ2-kd6Iejl2J6lo4SfFlekz6CW8G8Tf57zwQujN76A,259
h4crc67E1Y5PNsrD01Vo97M38vvzX3dm-sM4ZMQTLsnVojw,SLpI6V-j6plBeS30DUbugxDjARtizzn4miu2NiwOhU3Wtg,243
eL4yORrwhRpDo9u8Yh3wKnYto8o3dG1bsdfEivtH1JIJmHE,P47Vg_sjHuYnJEX7TRvcKAfgD_79xTY4NzpUuIqOIFm7MA,111
Ri5ZorAZRbbcCD91i6bHXD-7m4PMa53GwyweI7BhP3L88tM,v3Q6cwKHKAYDKz5Z3PeQ703-DKj7g7JMiAnUN_PRu3Gs53Q,127
wRSBhxQdW8NpbC44rF5OjSet04G9v447GZcT8tSEq1RHW1M,Lm6lWALed1celhpqHL4gjYKq70JCkdNmYe3DcZNIu4jFvA,240
23bp4aJ7r8NX5CXVOOjHTo1S0wzY1q3N0o_2hthlVA3mL7Y,H_h7pBQe-N2dO74HEW6rjsDJxUsTDElzLOVyUHJzAqWHKvw,158
kCTY5L3UnxfPiLZfoNfREjKOJWrX2CPmZocMKUvUI5pyT2E,7f7JP8K6bbX9H-0n46tzTEEQH0m5sIwQw6OW0d2ztv2Y2Q,213
6CNwlpxMXGuC0Mx6_Mf3gjR32FWlb6mMM-nTswwWMsRZD1E,l2YrVlxZ1AH-T3TxN6o_ElO-roMj0a_aYL6WT1JbEDl7YGg,253
mOnCnEy-Fahcg0UeOyz2NvmceMZEzq6oESVhOOxRdW-K7e6m,vThp5rFHiqDnYYOYoHJPYtJaMhaZkyP3bLEVPdHQ7N87YREzrV1jjxyY,44
c1Ev79oIWZuDLyNhdV5I9iNIIz7EDQ4gEgwyqdCW9hVtjYk,rJZn_HugqFeQl_p_PKmv2PfJDsPQluG3rYADv-AZKjMQRg,290
kHW6cM_vhfnEVGHw-9XG_iQghDAKR7GhNL8JiyAAYRio58s,sXvgd5J7RXDXAvkHSZA23UbB8xthaI9OtIUb8KUOPir9AQ,80
tZJ3K1phW6uSyKShMbfonQ4ndqFO2Dg4Ft7eb062b-qxHTg,ItYGrhM8tpYlVXBleUpH0zhHU6MJGNvxVekwecPwWE1QKw,199
ZyRP-ztWggmKUTmWMwWqC-Db-pil-1KQrZcNUkoE9WD9chE,oNIdx2A2KycUXG4FAuEJs8H9ABLIvSbJcLr5k_-U6MhctXE,99
Ev7RXbBSncgzAteXGlDK1tV55n3oXxK9xOvL_q6QWvfaLLk,6lhFd8_U9QLcNQgFYqKDCXl5CHHp7kuOfIxTaqbUfIdnrMc,263
84CRygO2VfAjhgL-UZw7OQ8kC2d0mB6O39YWX-bUMAj98Do,TSuBPRbkCrQjYeG07aLFI6t1typjVyAM5Qn49Vol5g6lVZw,300
hjjSiVBDjk_VcwTaQUorA3pkpwie3XuwgDIGnIeBfWCp9nM,_lX-WBKi36-oow_lZB2r3G6DCVB9u1-WxR8A3sDG42RfWzY,210
G0hYAtWcqJ30vZQIi7CfvNi8oP1qyWNfvucftQ2Auy18ERk,1sVLBfx46kX54xXm1TH5tt1zLSpaAo9aLsU7w6zzDfVkBQ,137
gTx6WvgSN_-a8RP62skok8QPJnySgo6f_U0bmZHUfEvAwTU,sZ8vhOHcYBIf8TXf6DN5C41dgSC_q11XbjFiszazTtrvrQ,350
zohz2r5Zi9edMMA6vgNxwp6LSlxatVUSxcFu4ls3fZK-NZLL,cERt1nDDbcaBa-9qnO8POrm40jbk-7nUO67zq2wUQ5mSJ5D296MCtPnL,67
bSs0c-kHwIJYXoIKYGbWjd4TlSxakwMjYQJCwcaVKmh59uk,LpYnRxhkooIZKFtonOEc-zHldr7TWoDmIe8gXipMUbt1HA,269
W_nXf6vZMz_Ph4BhR8J_qdS-1LC3sz2kSHM7v4HWigvVjKc,VPoUmHZoX7Dy3eUOD1hfRVKaURZyZq9SO8U5AgE3P5CY9Q,224
ZTuD2Wgk8FQCV7EYUCSw6WQ1tcxUyJDqy9xQ5qRi41HV,K_PqJxLZ92iXOZ6g45CFmq6Z7KWSLtwOAexLH0myK2g,163
cdgemSo2P4eOe7uO_sGggWz_UPC6IVG_-w9REUbB4WA6Shy9,I38MD3jAEzo6viB8dX0UanvE3443vQZiWTkCbW0u8Bt13LHc2uLIgGFp,49
1si8pKYWV1UBS3it-upFbktAtNK4T3c3y7wnWecFAqCIHW8,PucG9bpcULEbXw-RfpEUuwOpZwu2vGf3tnAS6mBgtmddqw,196
jejx-ozQ8Tv7QgrmO48zEJHXi8sSsd6_Gb_Mt1Y-HzqakRc,2oj7Fvhq6_usGt6jmangO2BPvUb530wa8IIuYD_zZYYmMps,243
4BiXMJtWxIo7duOR2IOme9EzATLH0ulBoN_Mco2jeB5YXqs,RdDavNQaKWgQQwDrrnFLzV4bhGSpGsR26qecktkeD38Pbw,197
r33wxL7k4AxbPRlRTCNiqLd-yKhJEnzy7j2WztgHMqFr_hw,MJvEC-ssrFd8m9-Y3OvYHg1o2btGeaLb96sEiHewGHybBlI,210
EIIpBMZrZMiQB8MAUSePMvhThxROXove0TfJ9O6Hnm64djew,NA97mqXfXjTDKHxuyTE5V8s4KZyA_l5nWzySNv_RplxLmlkb4MMN_HqT,113
oNH2Waw9Y9caNsLmeMT0IgBmbwJN58Y9P7cOBX2Iu6WOzK0,K6ggO5hs1IoWt6VYmHJn4uSjXBsCqxaoNsH9joBe8WNGcsY,294
LGcQYSKC1KNM26xzCVo7fDr3Nt5HXNw4Ao7r4dKYo0B8JtGE,LIyYPZqABKRZJ5fwe375NHytmdX1kb0jkgoihkTv0WEMuvM958tfG2ly,44
88ElKvHSLLArc1IYUZRHYp3iylbBr163SmW7r1FDz76IgKs,9IdZSHqjH-3SYZPrhftS4fZ5AuTixYkGlOzeR9IB9ieKBmM,169
Sil1anDmfOJOmLYgNGlX9XtKXWzmBrLEqSZOyN9Zhl4zoRA,-hsYbK2H9OTo-OnKM93Z0hxAeJgXTE7CrZK6HH0UPkz35A,408
bmm8XHmG3nwzi7Z6QFYcimeju_xISvEFYD-EmOPVqdDz5NM,YICROp9pfrML9fIsToDoXZ7MB-lzNAo7in2-dshkECyFM-E,169
LMacvvRzFkI7otM_OC_Eaip_bEVJIEDuZSMgQGK2-eKYg3s,9tEiDb7MebBjRgeUY30byhapAFkEG5pciguG_fjLRka0Hg,72
U0T5Yle9mllkuYAWm3i9VbIT7-MEk8RoVzNugqWITUtc97s,Eh1bjEDGMnaYMz7E3zRIxIsC3rJHkeqczmdC2UXIOgb0e68,163
52OkuyJaqd902LKDo0-CKafjNQ-zefFrB5XRBzTRPRRoBbA,PpU1TDRyMrLgrd2Zkk2vrZA-Jdrp3BfO_6JmVzr-YbINDw,245
Y3dktzTvkVZ2cyssvqCDxg2CMXV7c21AYBBV6aJ3JwUq,iS1097W-blI3LJk0_EM88tmSwh9Dnhndy7TJ0SREshc,356
PZCKHzQbd4fbgmaK-suAqzMFIcZRXD_6RRyhcTR304SY97E,Kyw1IEvk7-RAG0Oa47dJ8WYoveJXP6j2MxXKneq55ZmvQxo,288
eI62xNETgDRNoarUhnlrwwaa27CwezKo6rcnizUb1O03afM,gMZeuWS1hqCklC596m2xqR8EoTpU4PgNUG2LEQ9sXWEywA,195
G5HqWVO65sMrom6RG8hXNlKlJVAsweLFp8EdU4qDRvGTCuc,g0ncGUnZBlPjn3WNc3EWYOljgMMDEl9wYvQk_pTOnR6C9A,175
UzfJOaFehcaEiCtA1WTtB8WvcTYVohWwr-aKklg7A_v309w,hSFFe-yFED1HQVNE0629qRerq53_4HNyh4i8xuT6rFwFUCk,303
txZlqkwgC-M56TKTf0Gm3nJXRNS9oSl0aRgWy7QwZPN3F4g,HcmaJlvGTBwP9Ygn6MlfYdDZNLNQ4_m_eAhcs7P0toajJ6I,116
VJNby1h2QqrYVtfB9IL16B4Bzq7jwRrOKzvGTClg5xmAQNM,OvxwucVWAcfMyjG0sjinAehAiNYPSsqH-jGzPpExEcTmCMA,147
O2k4473YWjnyeAGUGKyV5lmIbid7Q42b3FBh2GyfzFSHEms,23w1TcyeK-7p58nbN1Vcsbbbf4Fw8TMIc1tqk33nXgRALw,133
gcxQ4YLd4JMZwJ-vm7jnXCWgFfzn9XUegfEJqfyT4brisd0,f8Y784wFngAgOdPAQeA_Tz-o7ZIN2HO2BB35t2G4yuh-ECo,153
WiCNJ-Mgju0HNEWZT6hyybH8jFhiSN0Y636HVWwL35RNf08,BJcllofITrEBMA1QKze2YnV8BD_2p98CuT2AFFfyS4HPUxI,158
miTDAeHVN79pEMvCa16TkV9uLGP835rULSa1Yop47qpTciM,fe0blRPrtLbNMrOoEaXtOC92XjrOJ4NrF5ng3B2qOMOXjg,152
MFRFBLa6XmARbcHj3i2URLRADPDwDGud57KmiGrDLkCwoOc,FoBR65p8cgF405Piv7B3kfXxmi5HyknTJWeYsg243Fd8SQ,255
lxi5vF0KQsarvmxsYynbFrvSBGUcnGXyzXw1yW8ECrUEwpg,vFKRyoP2oqArORRt5B2xRAjutpNytFrtqMQkQt0xWBPhQQ,351
r7-ZQxWWye-rvMtdE7uF8sBHHXua9SI-gJogyQeAxMZMd7w,ZkCLR42N2Ar3wLIZALic7LfwGNYqcr1K_2jMyC0NOAEqFw,124
6vLzuOAYRAnIFL0cWUtYD_hquBcixcTg0UikL3j9ev1Rc3s,A2lhYgrKvS5wGf4acSg2yETho4Ru7k_DpwdtJEd2SYZuAe0,258
F7WQCxhWOquQyvBX9V1aRFqUkauGLNPhtIYrsfrfF_-wWlY,2oVe9dtT7YRCXJRWaAhbBIikFJ8A5UDPG2YCxWdmSQpYdg,108
PZSPreT_gJTXp0AnxPZvvKN4qhmZ-X2BUq5RkH-7fOPDtXQ,cZPDkTVKmwIY-ZvHVjeJWJ-eteNCKn6_UMU6xvgR-zvCAw,224
AcBEojgEjsYS8LvpaiAmakUdOOlMM9k3YAHzwYYpXB_bBLI,3H7mBXBne9JqVdytYIZ673J1v0_qWAUmGBzUQTATUBbcRJo,265
7SVU8LCZtbqKz313109Fnuarb46rC1Qu4qei5oEtLWuAijI,TEAJ8tmoZpoxRPynKglhGH1n2P3wTNpwMJ8UDbXUgFAwcw,226
2EbxNLXbrZI6WloZsrqH0b42A7WDZ4ztO8PWhqkB5vY_HYw,hMxRcduUaAFgBwqhxdXyBSNWran_qUDwSsWCOL6N2A_KpMk,273
NOZ-joaMVwW4hdAZMnw59Ue67xlj16u4TLLp6hnVZVJQKRU,jHzkz-EuU8Kmo4EzouAD_ZoZ216EORonOxdTxGmzLlTJ5v7py1x7AcR8,113
7Iz84PDHwRZfgTZinSEsqXTYYFvVRZGqU7qbC-W0Vgf4jIU,klW2PfExuPVhIJlarCf4K34TsexvPPz8xFMXXJ1iiRta1sg,149
Vp0ayXIx7-k5Ek64UXie4S3LuaHbV1JCUTTThLxyWwRe4Lg,ahXvGV7GKxJa131hwrZ6Lan2Krwgltu8RWeaMEKaC8jFbTY,118
pJP4QT68ZEl17jDkKEGuocB4SkhQYajET55GhxDp1afgyDA,T7YDkEWu8bycQz9hFVzm5vH_wwUkkgtPrwzbNv3KYx_NGQ,243
GCt5q1BfcUfYAhbFi5Qc37Via0j0AL-fN2TpehKhOZH35Zg,e9JbzFI3aeedJGjh3KfK6VZ36jJ-032aNyXHcO8jbTumbQ,464
mWCTLlG10IIScddhwm1snvOj-w55kGMyI-0FWASHPT2mjR0,bUmgtGlPdxlDktQPdOe4WcrxRkK1DxAIkmOCHGorWUNsfg,216
YW5rK079ZLDqVqr9rbCcEJPlv517oy19vcwa3pArS38-hjk,3qvjcL5QZYxfbwvHswY43XW5I2lOCFT-mnAoRY65gN3ePdk,65
LP5Mz5LG83D_of-EORIgsfqQhX7NPnwKth2j5gwiGddXX0w,HyC_qGTOK4ihxHGIgQDFndNbzFoqJinHuV3_MnXnQydcaA,170
FdyCopURZsIa3ZJcR2TnOzZ_EHfmLGFJsZpbt9UnT9GzNGXx,MRksiMi2e751mqr0C_l99fxRsOXeBvb92nogrVVxwCV-ic0srvfZCWrj,87
fxEmEbfaNcKYrOYSGzRqDcEmT1GivjQ3zakweUlPVgEcwDzS,UfVN467cxdKNlCZHjPICXD8aAedDdCHk0o1clYAdNEX7QI8kntpw7FPL,56
Zb0kiWlOgI9UZJQEC5bX9u3G0314KpaAGSMc8a-aCxCZviA,6MarPOkRY6mdJx1my3a93ToiejCkQ56ad2S3TSTorD6s060,192
9_-b15Qr04xczE459GqGCRcTv8LkUcZF5SjodgS5Ga7tEac,uvk0fxUW8i_USe-tELx6vR7wLkI2idl1KhIx5Snfb5NQXA,98
MiqZHYc5KFxw6hX_jdImF-qxYUYPkzpQIcIL-oOnaUX9FXw,2SpgY4L9wPfHHXHJBtqEFvC6BHSu1RrFlZQnliKbSimqxw,235
oeFLgskKkE70kRDvqibNfCp4a9bYbzoyKh0BeC40cE02Lcw,z7ta2chtYP1M6Ol2Nnhxx6EtNshZ66rK001HzeWj_ikdFgA,111
SvP1cUMnWb9d9Nj54_qvWQ7wNcQqrfE8lIIT9lOruCVfjX0,ow99ntmldeTWODTg1e5G-8z9OQ_0jakbx-I5n0KiBFviN-Y,111
asL7JT7kt361LA-ozobsjYJhq_ROqfodDOQ7l3_sUO7mYyk,e0nqr9vK7zDQuQvfmsiChZxVLcgjj0KMpjuW1m0cnSbwBQA,335
qUyiKje9llly0YODCP3W5S_Fr0Xz1N7olahp2GC4ZdK6CVQ,JYqeAjn2R9SuJMFx6-UaKuAH7q1-HpAMwBI5DQNWnVQ_Iw,146
4zgQMlzF5jC1y94zobwcf9kmA7AemwW5EPhoL9F33Nqy-TXQ,KS6SMAhc9ilYfjuctN_bo6CSknE_GBlWtp4MqKoYGu97zsO9mAN19To-,118
D6gg2hSJrsNN_25cjzanFvvvUklLpNUQI7Az1QeT763QOVo,vjMDiJa864QYgb0L87cYL0w5OL5GZYx21hYddJ9EXP6iruA,87
IiAQk9QM9g9AFbQ9qR1TRPkq2h6O6I55sGZUUy3lqlFldok,lUqXhWXOj2RE3yGm-HJa9JhuebDvEowL6pn1zkuBlNV9Hmg,104
zTFQZsJURx4j0Ytjjugkl2uzJ5uOD3kMgDOyYpLI7TZKyFQ,75wQ7D1YIoUVWRvpClLBSH5CafoaOoYgkFBtNdOhQgZnh_E,330
XAcKzEKBDoi9iYNd-w58Lrgl8mpx7QjgKGmNqPHeVJ2jpQI,J_fCgapfXzrKusDl5lWh7rLHPCP0x0N0Alud40Nm4POHhw,72
FXiuxyV7NU7LDvT8AHThIafbVIflO0_1XmnkfAsocvLGYR8,0n7qFItMRZJ3y_6tBBSSDADjFqJEgPXfS7Q85PG-9nw5KA,127
6ZqHjdKBCCxh1E5k37u2g2pehTzvsL9l7e-QR4tZJ8za6Vg,gSVwekgUBkalCxRUTV64fwc8_pcwej_2TqOn566bzW_gjKA,199
e5NSzdgLocAStuG-hny6EpWAAGCLeKKqM2lPUTVc9V5qRdQ,gYJ2EOv1y9knSaU3KxQlprkSrPJ-fDskSzpOhLA8oiQjgNg,197
dr1cazG9O8F1tezsZuwh0PavccE7Ifns7zuwfcr0Z20Y_jk,f3AqP4K965B1AqM37AoabDLNh4X5hp0kTLg_nfJbY0kKsZU,284
EKfcxkL2Tkrfq766FD3QntMTqlJPa1utqSd9t4jNe67H,o2ztazccIhkEEi8168pNmHykAnRTdVOqZQwdjeHBo_o,302
HZEbH8fJ-aW_saKeGvKGQeXj9CyD-zmieGYZi2SUqo5FpHE,K8jbxoA4Dix5ORXceQJ1aUYYYLzj9EfQv3rx5Ybt21fSrQ,231
5GHPMxJcjlM9olbIvpYlpEeTiJioNrvMWVTjrg03m_jn0q4,Eh4j_oZ2eKVg6zBf_OdZ0DkONoPsO-Kvm7UkBZr7ejCnSw,244
_dlFWqocoZs6iKWd-JFUHYK_z-OqICgWQYigJdH1kD0d8Mk,W4W4eN8E9TiaSx7z9LClyfhi2A1BJztjSEr4Pe6tQ6a0Bg,358
hsQia5XoUL02BCEWQRoH_CgKc5bzhsHBMrLUQw6-dCMCTLM,z7mStvzx3DsHCFvyPTbbii4uD1LMnPIxEpYFxEPemk_l7w,122
vcFG_uUa35L_Hk_67olV0MEkcrg99wQ4shszqfoU6GksVg8,DoJt8kxhQ0EtPljlfGOCQe7wYBKNp8T_X1VPI7ku_B1b4A,217
NFBWNRxjHYU62HhfDng8ZfGJwGBY1_2ztfI53boINO9WrRw,lj3yi0XMSAUT8D-w09FMSiMHs49LXTZwmEMBt5VDa5pSLHE,108
MehSGaYvpR89tBg9bJl6meq5IpKYDkjbkvZg6NyoYN8Icrw,JBm1Go1djxjHgigBdmaADCkSQ4GsDFU3Jmbdw52LunoktZM,325
NZm8wOmATluOjfoyDUnA0ggVg9xEkmDlUoO5DIPxVSpan0M,c1YJIDayPfk1_JAZooQ_t0L4iAD8DceaBmUH4VXMgSqP9A,206
RwLlMMPOszqHM6tL1QKHu3UmAWnSEfbY30xCK33WSCnSMOk,16Xq9R_1MLlLOA-Xusvatus66Qcj2inWKZq-aZLH3DKohw,104
VT-bQ9owIFRyyaOHB0OBXqSNL1Ci_mNZMQurhtq-Sc57ckU2,glAG_8I8mLMam7yJ5d_qjZkqX-SH0seKSbKvZOZGmtLDAncZThTOXpxm,65
CtA2voQlLZ07XH2h-AxZo3JzW0V6kxWnfsNPmkCUKgVSwrE,Q-DYRgbPOZTkx79qbo1CDWccQnHSJZgcj_sNHIh_HpdCYw,143
yrXaWQ6wBVnVz6uTayBFzk9_2-0RbRKzCXhTD9ERuLYwPe0,Yo8vIZId_tbLBE1Hys3qDRVoFkVQVzMQnFxw0tL1TE6tZQ,264
24-T75LBEVrvaf2EtUeyKRTmvToX6YVGcgVOdTNJ7o2NHTc,46HbPN4VsNL-jeuz-aLpsTVZEm0fXMvouHILa7jIeciR6w,156
fN-hAoz3RyIkISQXVTnA39YnZUFo94CS3kM8ZPF-AUwZRfU,5M9i7x2_bP33iFEevsxnBw8kzs4On0Opii0Ky972El_F8nE,222
gbo5GaG-Re_33DcBo1zI0tkGFkj6uC7RU81ifMUymUvtM3M,vS8b-KK8LG8dqfc7xymhGZ77wu5wskvp_aBJekKcwGD4E8Kcz0q6nJuN,140
Eg2TYA9dFe9NOQS0QXmavPWFEkZZqZTHI1eULb3ZoLs_jvw,vzhFP9T8y4mH7SlBF2aOBozyAUQ7IoCKx5SlKiWegAl7ImY,201
hmJNdUOxVg4m1LmleXvwyYg_K6fTxo4aIHJ_z2P5yPIdNmo,OjZPl9AU-TU_YlAnTgQxzWyTrLVHIoBmgjy2PZM90Nkp2IY,81
p_1pVoE_3SiDnGY_o734rmnNhj1RMVqsaVS8DERtLjBSjuA,6TiWptHspv_Lc_0wPJ4QTLUrvqZghhyXPKkPPbMtLRlBy6Q,246
peNrdVTmvXouIu459igLR-LcEj_kvXKIqmErg413-mK1mk4,zNvZYsXznkBCF2lqok_2w4guMlYQ7fhkRC_HBfMghXqK6es,229
ryd4bEhKp6Wio_e2CVY15mKg8a-Q39DpexWGru_HHFbomR0,MKM9JFNQCyvJqj9FIerNqCbiXtaLpHgDGx6TlRmyuOrJ-sI,280
9hN99xgR1PI9U7aC4mmG3jD0Kfaz2r6tULQZgrxPUqF_nFc,3leQcSd0AWEutz1vbpFjLX-BOjcYUoShOZ_2R3LODrn_Bg,121
iWExmbp4FwCatz9iILF8GHBpAD4EinERvy2R6jCy5ST04pyr,VWdASvtIZiIH45JTCK5CoVz0GsYJ97cP4JP6HyqqbeT-Qn0qFVYgMWhh,220
nkOG94qJtSnO1QOLhE1PWHEZ5358HVASVEbJyr7I_1aVNvA,Jeq2Z0KTiKqhX1zPXYFtUO_TPf9aAwF1Ditsjvuzm608vA,253
Z_xg-VLW0BhNy78b6-oFSm7g3Scot1MwAyHUibm-_CIO71TL,8Yy3UuhqbsV0z02OmxkZixI40wYOcJ5CNTweTDcpyxGh9xwEI-kotoTn,61
nsF4WzQ7fBNRzi2PXg-CDbU8l2FE_jzeSvwzADqGlJKicc4,fAXy5pCXj3gmY-EjbXWOjac60DXsU-E8NzskLMGnAF49wg,176
3--T2hfHMb_a0bTUwVpFedaF9YOmyWzFaWiXjPCxWs_KaFs,DFQ0CBiciR-x5fRJ8LfI_gSiiFHmeFwF-dxmoey4hHtjjw,249
oFY7asOiw7rJXpK6q1R4U1wwW3If8XSWsf-6bDAEvKx_sKs,acvn-4shuYoz79fgLitzifbi0wfJ9UALKnjd6EPHzQzlpA,248
bybOZSOLLhCiQPrmvD6WEfPbtC103uXFbomtlMgHnLKB80k,t_6PbSwaUQX4bp7dh2AqvlayXhk4oPjAbbK0vZjXtaOtKQ,342
7qc7BN1SxBX_AjVnYZqtqV-IM0dkcnHotjL8GgKWU6AHYhsk,IfRFWS87Z1AZ8zb86I7b-8J1-3_Uhn5Z9kSsO8ciddlfuWDmh1Ar1d6K,65
abWLb3NkCQy2HSW6fkhBpQY6oMcZXBrXfI2v1zoRN_M6E74,R23qAhMGNG2lJMjPm_9wJi9ifSB63agWj6S0mbbS8D0qaw,83
tHbT5V6AH0zi1RiC5rgI0N53JAb3YMz0-EckMgeYWeyNRHs,LH-xR0LGMAflRWZ7evoeKGigY-q5pW0QD5jiWvmkSFh_Ig,215
IbL_sr8M_7ldQjep0EcCJ_vDLhNR9edRDRK2XcSJgLPKeEU,MkezwQOLHQFiG6F3u59SbI0ud4NalD6wd9JtRC2q0b_ir4g,186
mzV6sO4SOammPTOSI6zM9iANEZFnMEwx495uZatb3ckRqZc,O9Ak8mvNnNxCbMxiPxBhNiefrMT6GwoHAHKMvnZMs-UBZA,187
8PevkKn4CX9DDX4H6vsbWN431N7EZthU3EZk8O7lJtvVZJM,oghz6BLIGXSgx5ljCYIlo1XiheQX98rSpxspCdSpEVE2zMo,206
Tz96TYWLcdP3cfTJFZrHt-ZqQ_2i5Herc1SysB04xJO4MqE,WU7R-WuCRlb1GBwVBe2uWRY64Ze5cEAKwwlDtFm5LU46yQ,217
tubCSXfEVL9jQMdaLuuai8nXsqi3Forcm7usxptUPuz1L9g,V5AEc87TjSDY3q0EWmeb1JgkWcsA6Ppl_sDSJg9BKEviPwU,134
Mpu55_xqxIyBxCvBK7diZKjaHZqhEFRsns5kliEGO-EIYyM,N3h37veYfBAc6uaCZ7OKuGoLB_3c2nX9a8l8S8312IfvLQ,42
idwRGy9TmlBDIoVx5dLY_YroCuyFw83VbPms31kyCFHb1Ow,gBS8rKYWKIr9axLJg3xNDt4hYrWXkzc9k2PD4GJEg1d3fUY,114
sEgeTlHNI5NlFohVm0f5TwDyVlM42D9zlyR8lVFS05I_IFs,0WPc8zLqvfisPgYsKPzf0XCj-iyZgndms_pUALUF_7qlr2A,131
gQmrwWeU2l9qN6xkFTxMad2SQQSVTQs32TShRwsoY20JSO8,Xfcao6nmfdSO_F5uaXfiBKz2MVDz3LrH_-Sph3J7BqEL7mQ,77
spiSTY7sa6cM7Cyi6rsg1CGSs7zZxB_9lk1507NrqCUH62U,ZAN7sRxCY73_qfjP6yDa10E-IqrkoQQIFVAouFaYDHp9yA,89
KIy1fuN5ieux1Yt79z06no32i2mkkmBWPNV5S874Gi_Vnxk,LndDLTFwKHaif43tNkyztRQ63Sb49z04WL8H84jyb_zd3MAaNkU_C90I,120
7lkwOECjR9U-Og8JwYVdHKl7utDVMPIGqZjJu70dWhoouKE,h3e0Qdy-lA27c2AWrAAqDN5WEfihy1LlFPGE0y7KROVcCG-VHb7oFmfB,140
H-a4jgiSjrWtUemmGW89-5xGuEmFNnHTwfcvJfBoNqcdBTtV,-IjTRHOLwFoacrUjN_SY7CnHfCTRRk_ouSVZzszNfGC2ddsYc8Ox4N_A,62
ITZ1Ngm986rQ6bE8KZ26PouqYLNFD-ACngRiey3YbC9hDY2M,ZFOVYK_V1kjMAHi-Wmp5lkJNhG-Xx2gLwY1mMY9tYeIb8FaFdVJZvmVX,83
YfNfaS5V6t_qmIGt7aEoDegeJLYzsEwybwPqykCTOjFi-gQ,sdG9uex_kBuQ13gC1WQ2firRPN-deLtQo0QJ_V5ZEj3_oQ,127
rG7o6DDmUwHhAff_epuMt-p-MaPj_NVwMmYTFACUHuU_eCo,jaV6eBu0lYhxrvr14XGY2-_8OlmbYTF7KLAxZ1lcgvqauL4,164
AbLcxUorJYuwLgBPh3M7NWhoP7heSZjI3MH5MLBBbBRO-1g,yVtqa5KA3xFXo2IYFZxsEm5UhSCuzMo6EBU6kvfxbRafZQ,293
aWd6MGzxQGlv60SkTq2tgRtc1jy4Fxv1bGFTll-d6QL9zoo,PJrVAZUUrDfl3lpw9Oi-9wp8R2KIzglMA8dcdI2Q4OZBRA,151
YbnOaE-qUf1QAooFLJteKLXHcM71ETu-v6ZI3AKF4_OCJ9QM,6uKvsDOhJa4pGE07j2Is-j8LJFXg2mQCIjLlIVj7JfFdRsOLTRdMD-6d,51
4q5bVw5LkLN86b1QuGLhU9H5GllwcNZ0uSyHC1cHoSmA8tI,UF9TT5y8YbfoPhTAQD2_kmeNxHBv2vvRgfg-tKOPvcVS1w,169
8BiBN2yUXrb1OLLBYp9a2gfAiGT99LL3ZSrBgFXovjcNIXE,E0_eUf2exQ9QmKPTH6E69b7S9Dio6UsrkABliZD7o_Pktmk,380
5EEoQG0HEtmRIeqUZ4LKUWyzQAZQXVPOl0SeaRpPaUiUX1c,hNAbYXad38tZjsEYH_QyQ3HllDgLklv75nWKCFTI7MWA-vw,310
Us-JyRSQWZr41sd-PMYL18UgEoI-2siNEiD0Fb2F5U3x-DM,6LcnGdVm9tDIBlk4XUuCwtew5bMhCYT1eBTliNkBscN9cIg,100
J9HBsBkrkvdTfWfnckxQsgt8E7msfKuDGdO_1zAyd1U,WTiTA35dEduvvMeDmYws6DyGvPcAG_LzKoIMzZDg8fI,139
R-enQc-H1RWvpRQAFGpcyfZRoZe2aYkFyc6iYBdSUJcLbFc,4oLEy_bNtkcIn_e_-Y66Wg-uaH8JkSz95Lzr_RUw2QFPJw,130
teffVROSmX14OKstNdngw9DH-MbcTDLTRu0Vmh3d9CIU9R0,4Cx3Ylz_9wAohqxfanQlTsXMO4CfXWa_pjDFuAW75I4jEg,304
VrH2uf69Q91kejVGegJXX3wCfCAX7c1g00ZcLB09svHcVn0,Awz2ngyCtZFD3fEVUkXyyHvy7knTl-uFIN4X_H9OX3PbGQ,297
KQJkrw_YjofoIPQSWfuWmGQ30FipDCJmuJv5fH7THezQdaE,vBwoEDe3E9FOiSDjnwsBmu_3EmgVU22CIyE8vEWfEaod7w,191
n4yxocH-uHayay926RfByD1YCVlZ33z5lnbCnORfzqLHoZU,DMHRMhLLcelHI3BhTfQDBq0Rne5z9O5UolOVSyqbycVA2hQ,341
eIuN11aD7ofWz8980BMkja0Tq9dKpTohjgsgf2Ug_4zOUW4,QxmrrNG3wee6W03eQjUmKJmQW8PW0YfXd-wJr9rJosiomWs,83
yPF6nFeyQp8zy7hUI0Kjd8gO45m2gQ_VEsEHdW6OHCaAwL8,_tHAAn5Sk3VLyDi3sbyFBuL1Img8ehXryORUrVJwKsyhm34,206
PnV492dJ56XkGWPAb9DUwfsFzfg6ACKagLbU6_Yhg6T1N3o,eOTl6lBE1WOfB9h4tKD3mlIpzpBk2IiD5pHrtGaCWoN2_N8,87
EFBiywRrQosmDRVrximstadNv_JRS_dZMMjUl6jllVE8pzo,eB9rWt5luNMBfkot9bdM73UYvjurBpLRzVFAjYNHF5NwCLM,174
R15rHlP_bbrPuoQm3Ptt5l1Uc4-zWqJJaayR0lv0XAYpNEQ,8JgxsOjrT6RUlY7gJdzeM_5rj0pQNzT9t6o36wjMoR1aTQ,89
vIGxIbq3gIDhs-tz8_1vVoblV3doaaA8QEWWEWCdENLK5Po,Cgkb9Rp3fQW7KiwLr7s9xfRSDl7NbZSsbzTI-XbRO-gumw,286
SPgOTqCuGGisIINmbHLnEpkJEWqTUBhY2ksN_HjzXP9tVQ0,m3uLvft8z1RnHSgEjuKvQoNCqgvgVJEOM2TXmydGxLbbWg,323
zqK6g3I5qkRY2S-26tzRJWw6-26UvqlQFWx6aLt18NTkKh8,3mwHgrI07Kamiz7EnAGYtlH6Y3hwHYdvlHeyhwY7qn1q0LI,211
Jy1U_a_36ZSt8LV2Y_al2NXFjSvCCy198O4yeQBW16f0Ypt9,-d_Tw-fZF9m3hNlvi6Ar4mf-qYiwtH3FRLLUuF-4nqVuyZE-ZB98jJ5i,56
q5no1RSKOs3mnyyrVVYxunzSnvZ3QJRnKbQrSGTSDK30xJ0,uKMLL4hu_nIwIxcZZkge8o5W68KMM9MIOxnJ9G1uNwT2eA,264
e5_6PtrqH4HS4lD5CxiRyuXLgxGGMJDXrITa8jPQySGO86s,L2t-g2XBnpVPJ1Axw3wnmwBsKy_vWBXr1WqGUUpBn_jo5g0,160
_4g0xmc-4-iRGORuGJWoX6_MnHYYzdaYUH5fwMEkQaxSblo,goqDPXJc0aqmzeiitIxWkN6SDz8fuL5UfU4B5BfIr7lWTg,321
OaH5SVVpQLzzKsp4pSj8gKIvnfPi5nc3RBnx1z0J5M7g5tA,xrLxmN41zMNOXQ6BWhFixzTzq0uH4kjNIAcE22CQeFXnyw,270
jRmBoUNSX95rMPsBbBtV0J9Sw3Hz8lsd5jsG623cLg445kI,JyarC-CbNuDETMi_Xt6pfuEQ3wFiBE4rx-RCbCPnfbB78Wg,286
jupl6UoMwLzFYJxo5X0JBOvDxbMcCuupsbHeWydPiobxu5o,FHOoC7xuEY1tBSECoIfFnsCBUj8f40q5eEn2erTIn4Y0Wg,202
UkXT0tj1lDff6o3DNE2MzGQTtA5CgX9xO5n2NDvE7qZGVVw,EqjJHeSh4aNgL4OZLUVrkeFp241SkgRzWTByv2wYimdvsg,147
nF8Svg51uGhMsScmKSKGu4bCXft_mTGXRTFo3dWXQHV9l14,nuwIgKzWFtTiEcGLtNUxe8yh0kZ44_gGiUNkvPIf6a62CA,204
S_sN_vDfP9tzAtCWhCCvmsOfe4tyV0bHvE91snsMOfEKmb8,952PCL2ArD6CMzPmy8lBYtBl0nI_CVKbfyv1bXKGyDmBbQ,167
xJATbnbsLsQZdKo-l17t_cyJk7sgWF8EVVu7CqpeVlivI0g,CqTaSDqAXutJbuXlwMCrmShS7FI4YD9Vjouj5wtcCGUpblc,204
nhz2c5JdSFsseiDM7CbBaX-OqjcIUtPsW2lt3jdP4h9gpUQ,50p41lJvTAt9VcGDve7oKC27M54exjPEkFtIbALAGQ6v14Y,60
rmwl3PZ4tj64Tg-LLHcW-wy9djf2dTUcDQALRbK4Z01TnC0j,Tjpehn7qOZqHr4wWqkbAaq4PPmgfp0F7ts5RBPhh800C9MhBt4zGLsPQ,69
Bq4iEPCHT4Oz10XsasrciQFPgw7iUtyX1xqSy-oAQhiIoI4,oy_lQ_cAiY6JqMHgL82VU9Wa6XfnVGKqwonbbZeUZ_bVIQ,310
MLKhp9sw9ac0YjBm8E7tg7GodSgzR1fwL_x2WJE0A7jIhLM,nHwYjAZGdG1UrqoOTB4AFJjdbOBTqFPQPaN_PVhZOYCHEw,137
xDPNRcigyIVfUCbkWq5UgQn6n0tmHu_7z3AHKbAFW9CHvFk,vn5w9NLQ1ctdeoTozGehIzkis5AKqDzckPXPTZcRvmhnSw,252
w-aDT-iJ9bd4yobdvlkxVWD86QUjFt_zbYn3mAPVmwmlE3A,rNFE114S1Xd3RTupY-hP6d8XDDT2wXSSJx4Bns4MMqgt-pY,184
jF5ePS8VVl26f6AxSolCNprVm4y16krFSRzTEbQE7XYqMYM,HBTKHfwcTE8pIhE7Kctmq-JswDxPLG6OoJ-ynBsJh8qy6w,120
7WFc4IXxSQXGWDUOsc02WXIKchYnp1CTVXJCxjdJeughbxQ,zOt4pv15PY3k1rFxrFhtUFHwhgdQuc5rvVvdwpQfT3Wk5Q,69
Jhwi-cTfus1YO3J4UxLIKqlZ22BDuLoePAkA1twNDdxLTPo,09GqOvCa907biWLygI1PW-reBCiU7DGpFStPgfjc5Iy-Yjw,91
dv-cw6J2ZZe-T46XK_DspWHchhmxa-cUY7KQuApQFao4hmjc,-6o7No8DbQNnA6HkAOaIpflBwfOj1smVLRY_mgjr6XtOOKDuHSe9Gvvh,80
xUpF2g00wX8fcWZL2bP8OrWyap29Pg-9K5nLu6NunmC-VC0,qy_IaSw1wGbmvKAT3HWpP2KTh42QWFg5OsT119vqyC5WeA,123
eCL2-Fc2gqwrZJrjvejqcPGp8agHesyu6FdBCL5Kmh3IGG8,vUl6nK8K0yf32BHP-glKTOJeqqX4k7_2TrxmIlHIiL4WShs,373
TMW70OBSNiBKXMFSRx4U_D6tJPJfayV0e9mD38MjYjwMsNM,wX0YBT20wrYrJTDUJ7g9wMLZVwMU1Jns9O2Fr1M0O4JE9g,220
_U2XUmBRqLthDddpr0NXuOfBChi53EdRsdy74fliDcbWPEo,73xlfUBruoPAefrLvdpus9AHykToEBrpvl01wPElDVZ5ug0,181
dWzWUgpzJ1C9c3o4CCbTtvkWV8Dp_Q9mH-6Hm6y43kjMPzI,3Du_JZskH4vaQ9WhejDjafNxeY7bll8ac0bl5JgMyCJlYkY,230
KyM2HgInp9ci66qS0qJJJFqfFXClh3bvNIeCiNR-XU-aAZ8,Qmq_QFdXUYD5FKO962ZAhX2qyJkAdS9e6IETKz3XLEo77mg,468
lKEGUqaU3QVCPB3P1vDLD9NPW2yrsLeCwmtpU1a2_Kz7Am4,49P1AykOdUQlf6Z-xe1xW2vKqrMFtWY1TXjYJtCtOcGSgMs,348
W1d-C2CYVfA23fgxtYQ4yAIx0Jw42DHce-7ojrAicMD9cTeK,lt_bxu54hi7zPho1p9lFzZKSuby10xeb01XD4dcYNL_lOjKPZbQop79E,58
-6NEsri2eB7-Z4v12EfnpISX0akKXLDL44zonhrj4hf7tNk,SmldUbzadrj1GEx3dOEM0gnbGqiXl0TmYL9AnoA03wlZ2g,197
HWKxwEaAT7CjfkgqhJf6iofDLT-n6LCa0BFeyFc3CPE5Hiw,Ogb1fU2yIvHnd3KRXfSGAnvL0L_37luPJjv1SU2H5pSsPmw,225
EFZyJgNW3FjBTHKDqZf8_ykbUhr3aB_qpDparmIuxRFyHyo,g7XBQe9VQ6_iAkt2alBXvPjZ-8627L60rDPyBLrCNhfRg2s,115
fG2xyu61e0yRTE7o6DAnfVwdqv1v2ZL5x0uMs-uhJQ,H_gd5WmGOiAzIjdaiL-MPLkRQUoGIfeQQqu8oRZU_Q,226
X2YLCdYoJqY7Pv9dnnPBxa5UyTPUKXMR7iR4xAMYVIbsGm0,AgMI69ypC9_pgqXhU3j7nqtIHCq7h_hhJo_JRMGMpK3WGuk,119
TH6VH6rAzkf0oMH-2hxuHxS3r_mYn8MmuL5K-zFZRagtAPE,CP5YFSWd1mLLbI6kK0tDmf81P4g6DMXQWsxCQiZRSm1AEg,269
aSKxgtbr_OG1SpSIGP2qVGlewe6cSGtZ_fXwtu-c1pM2tWU,mPUxGB6r6PgvtXqBpwBBqbclji_u_ptqiJXHhoDv8AjJUw,211
HBsF6fYYszVCn9EE-Q2RUWXCnBZ0COb4iwuJTlMJtkd-w8A,xs-Y5JGEvteh3dAoMVkA8UvZnVy-YvuTgK28PhPeKqdrJg,122
P8xNdQZYlqkEglRjoDzkKNPdghcqQWBj9shPwgJn9a0NLfQ,Mlhez2Bi3CBl_AjnwrD_gENtI4gxKCiwMm_muWITWQ9I6w,69
alg_eN0LbHjYqPSh7egZnuc4UnsVM-3grZACQG40PNxklbU,ZpFjFP_AQbCL3qwrsQcJF6AWGyuaTe-rNrwDM9HojzUwNw,77
f0bYaS0MDAGRR5qK9x-ECJaNn-7oCIqyPio2bTEyS9H9fcQ,l3z8jzYGj9sZz-nhPAU1oJQoxbgx1_tt5lJXmZ03hSKFkw,203
3trRO8uPDUTzjYUoIH-XHUGPlnNRpzQFGej2zlsIe-Krfe4,qdFfkZXOc0lMOzg9Pnxm2_YBPHEK8xr-ZuPHT-74PqN92A,333
t6JAwRnp7kLRdaEQk6MOWMiDISRmmt4jAMATJhPRpu-U0vg,IbP4iFwp58tOn9dmaxzPZhbE8RJQLVvnN_vQrjl7fpARHA,338
NjBmELdf9uFMKzgyvgWC0Hoz7PVFRwo51AsIbPd5Eege,B5kzdUtIpLccYUXy1ZR0efTwS4r5VDubcoLUJOYHYd0,177
ixI-9GrhQn1mljMLzxIRFpFG9KRX3wGGxzTaUuiFCNjVjMc,k309Huoxn6EFU0mst1e3ZwGYSt8_xyjhK7aYD0kBXwpf6w,160
v_FSFG5t8V-e2UdUWgwuLuEianRStZ8wdUMKWcJ2soyaz3Q,OuzGUWfwHa_3jeU1rOqjsFBsSDTF4vypp14QHaOcg447Ag,133
pu4DLOHEdkVxOBDC0QKUlPKWHc8B1Iy2-8-XGtWYxiP3EhE,pnRzfJUSnKjGmoRvwgkZ3pUFqfMeKb1U4Az9b-CMI5BF5ck,116
j5j4SObdzZurF_utsKvY01EOe1du_90Q1Lh6c66y1XepoIk,j4R5BQd-PBbY2r7WGiG1vGjH-LyfeoiGk9D1Wd-jeYPOTg,246
7I9VClHejSaCBs8HokXPjLop9aovLZwg8nFdsL2NqJ6kg8A,TlRpwIZpfKu9gjzE6vkHle4iE06UE9WxRfm7VHEzEwCd_0I,102
jb27LC2jYUEqSzmtErhhCa8ifm5EG8pJs05YTCoe9m2xQdFE,VG1fBZwRZnAngPg591NYrZrfcVJhUTeAC1UKxDTm9lvJE3xqmfzGiah3,89
tNIgIRwPGZ5N89MaAHFjqanXOqbUq-HvumONN7WkfgZyTSs,gceemarGWRUVfUtHQj6wlt-IE2XTiBwFVJ4xhVEFNJk7X3s,105
5lMmGLGThkoskW8YwrYft5F8mLd9baqhSK602GgNYCglm3w,JOO0J_BJ56UV6Ezu0FwspnDqlp-xxcoHUnb4i_uvwHPCab8,101
v1JUfIp0h7l5f5AePV9v0uAhDozQDCa0FFnK8Ek_lacvx90,hzQ-kqLfvy-KcKoZvuzr2rorocniB9-QzjnfzpOKb3mPhg,152
T9LxN2U5umjsOjFz_NOKgOJSj6kTO5DQqvMUVYroHCZjgLM,k78alKWwdt_G1wul57YhhMhV646MRMPti4a2Pa_f-2sQ-A,193
PVA7njzFFwHhwe9pnKPU_Y4HilwFbGSSeZv9MpncxXM_Br8,ycy1zqGzoNz2hB3DyazbsaO632tfbYvfdPpCFBHRWlYB2qtEk9qbexEW,133
fx2JxMTyP_dgaZ09jYx2TzickgtMhM24TEI3vlmT8wDaoM0,_OkTSVZKFKuMRhhARDavZhocMCiztv-eMc05PcClCUUvLTI,87
aCbWu9QkrvXU08oHpAai1zKNBHj4BWgnqjW0CsQVWDlPoA9N,itMriOT2wIkMpKK4j-Q7cH6wm6I2MCWkwBIvYkyZbk9pJJbF7yXtj_bX,138
bJCIIzO1OvaS72KbCL9xpXCH3y-cZhDslsREeBwq4Y3avHY,d4BHb4BlCTiHuUprx6D413vTaK251p1DkwiErjipRoZYbw,240
miUJVuD6UPHjNeV5rThsYMIm3vAo7_AQGWsVsyCOSR2Rm6U,6WZhNt3QNUfOvDqJJrFpNx0_NO5OjGmQni5vh1zMkJZmUQ,139
wAkKKkLXX0i0nuB0Aq5E7q9Mk3v5mPx5b4nA6pvrOeUnfLE,2U20v1j5lj9_1J08svsLn9kUY7dRty-B44B9RxU_QQlZpBU,248
vKyUd9ThhQXhstWbj1m5OvSQ096lW0YHVNQEwloWzx24XiQ,BndsMckPpxAku4NVCAiry7G1PhhlpkWEO232Ui5rfjrs7U8,292
Y6wuQD644NjcQiBWiFVpndA2-K-PAYx7rqqpMORQgOaMUpo,0HUtBPZj5a0ASfn7C3tHQSrsJdwFJ9gzh3WsI3t2z-Ku1A,181
42hrYh054tcay-z50tZlplxk84v-y7CXgQxHgl5qH-uR6ko,URgjLuF32x32H6ZFBMsBA9QUeWWXi1X_oBUskpJGmF_OkA,217
LrsSJhaDZi-ltpY1NVq0MTM6rgC7BGhS5D5_6yfys6G279s,IwUih7xzsqA8sy6_FKlpfMlsZWuDFFYpn_cfM5kOYsB4Rjk,243
YzcbZGUjnoEDgPVrRzMZB1EeYflV1483tBRIjWNuYgPg9ts,SWj29hCfWEC_8qxKO26t1gAxmqqSLb--BG0XyNpRqQThYQ,175
XMNWiZGrXyn6q8Hu1raqR4eHfWfOnb3sAQS9ggXw6IV1y5A,rGG3a7308KFzBzrUMSiBav_u_qosBVhxvo7s49P1rjE8IM8,140
LeIvyB6B6_WZzeyRkDXWuvBjv28_5CpanwsxaR8lRzGA34w,t3EsB8tRR8VGvALikC-uy4gkZ0aTeOwTRe3_QxkdGh9srG8,202
0uDd6iiMQElhtiSJTRFIqvYqgpyFRcDuiYJo_lV6TOfUN1E,fP7ngWCu_oxrDvpvygOgBT8KLX-zh3D7Z53txPlhYtW-8w,133
x14hnkJMB_xCCnpriIkza0fCWhW2JMVmlDzsf14IHCO9wts,3h-QWgfbgLEfkDOVx28BUi751tn4IyXegW_-hAlzuN4vMaA,223
Ht8o3h6NcBqtDd6qzXNn4jk0Jwj-5S32ASfkhbcH21PljGG-,OsZrAXO30xCddUNE_ixnqRllKkC2bJFfrM2qsizXbc9OobnHWG9p53m4,50
KcDer6FXz_FgMq6lF2LuG1PpC6HLrjqbzj6wc9W0CFfLbhk,4RSlAUs8dcDDQR5dDXOUaJ9FpTIRurnbaT_oLkwVgrIkL7U,249
5Cm_lIUsyTO1P-V9TPBdl1iLehe6y0kpM3HVtnXQf2HF8ac,29UVjQH7zanxaFxzaiveBYkSILbvEbfvFgdHDFzF940h2UA,229
b3nAoT1uDSU2DDMWfowpxj8cFwXgsEwtqPwCxLiKdBsY9dE,QcNivgydiz1Q3TirR4JaBVlYeDdumr2PEb3IuaiBRFt7I4A,113
oScSU7fnSQ0JJSmEql7ezvDfSebgAvvaBdysrZhtbO4pres,8_3C3F64fKFRQ0riNu5TJm-DukZ44rVEtsopqEXMoPB9Lw,111
9TR4aB72idss3Q3--XqpvH9ibgEa4ZBmSz1Ny_k1RtyxjTk,Pax5-X4SGKvH38k3SaIsZNDvq7RVLH7KE1lw5ZM2YVIxLBc,355
5-aoX7zbBzwhSLe0loYmvuTikIyJUH8jvWammtPrQjFMcks,bm7flip8INeD8tk6z8JrHUOftVSuYQ9eBX7UmeCps41VjAXasfIbc-wI,78
rhgn-1sL6S90KOOZWXNiPVbRiaO-K75_71ZOOJsMT03DYKg,bE923_BiH53Kj17DClJDk3J475A2kmw4YoUfY1KLN4RuXiI,124
qEa4IHV91m0hIWnKN2h2PBbxnEdhQTsyeONCqer5lf8ruKw,B3M0vSlnU6whSGusKNdknyCd8ryDAs780E5Gci6W6P7FBA,244
I0VGePR_-R-ooDFy-jckg976c-DhTPQ_mUMh-gJ67WOzTHw,YLmpS4tVvmwNHxC9dmHhfP5DvmN3w0_fUoCjuq3GmsumVw,263
2GtwiAPv3-NTXoSNBqqHCu04iV_t0187XZ4xnsZTBNRtemg,4iPsnoM4VLOnjZEw4Ds73zUGLNwDm98fcKs0QuzruU4mVQ,208
LeL_ef7WSvLBAI7CsJaTyBG9luEOZrQdg7FNhrxkWB0Z89M,3A_fKGzEeZzswTSmq2eHttUV4_8pCofl_FcwiiJuLiYq4A,69
WzfKqOtevppw5g2_T5rd2UnrtUG3h-d4p93JLyf7_Q-R,lJYzJtDfDUoT_UF8VkHirq8JIGaMK-3i2OjXOjnCSH0,114
i6RZF2ySPPgp1kgeRITJZkFVxW7pkP4-gzpQJrua-eqsmkaP,Nc1QG1QZ6hXJ-wZuwExEvV02wDSJ0PnpEFIxeOsa4Oht5-gEKD28zYQe,50
yVXKoZb--TWUiLhhV9Md70fvQsidl_uOOhTB1UbenZ-nORs,RXFEAnSQtzQd-rG5RDuE2hwdSj-oxy_ikUWdBSbYgh_CBFx66fRCOQH1,110
PZ5Ek2J223aivZjqimFc8ykQUbFJ3Y74QIpkzNyRpj4sWmg,S4zFC4c99rixoZfascYRGAQJ4ZNbcscrnJ0IJNe7Qw6Fpg,233
fBqxPTYok49b0PAQ0v21_YFbCs_U0k18oAEEsdKKrR0PQJ8L,BF3z1flxs0LY6Z37SKCqMN_59e5g1CbLyYsg6ocNOpR_XGllGcasvcAv,66
do-iHsEw89TNeQxn-lDdMwl-kRgBk4cJa_54XdC4ykrTjAE,N1NxT3bogaRDfStgdkxmW64rnu4vdCHLn50W1bnY7iFeR1E,152
V8Y9MkhGX9KWuWDvS5_6KZVFb3IswDf6XajfkNszs8U6tfo,HNo2XZrm7ooFeO3Dg52UeAajiz7MK8q31__e-dfGq_koLd4,224
LpXy0_2uFre-7cYf1ZFF6pQbj6ZviJdHQssNGa8h4CsrtYo,NjqkR2ynyFF92RBqBcdPhpzHIu26CckwFRvenWO5D8z6MlM,185
SurzerE7azzq9FEUMF74zo_mxxLhCkH_WCaIBY9p_Jvt8QA,4RhEZz9Bj1puaLBlFcA9qyk5zXd4dnKB0CTXUj4CoyHT1PI,59
OXiqS327H1hBFBOEQBweD1AdXNLSpP55PaYLJ-sLCrBfe2o,Gwsws_N1p9cH-t1uiohznyGGhrDjvf578jNFpiJHHxoMxxY,149
vc32ZVXx4DkJbrxLbZ_dj4Oudlxo6FlL_kRwwg0zMyMX7Gw,LOM20yz3YWjYCXTrdbpW4orOSfLUXzrWNhgVn2hhtZgLSNk,148
t71ySGdJQ6HjCOnyrHx-QLu3ibwbNVTeYBhgkyB34PP_Mmdo,_Y7YsQy9RtNTwiMGkvUgPH9KFDoRDtmn7_C7UZd02zmKkaEPnXiiOrtp,79
llak-vi8Y7PNam-874-37RTj9KOcj4n-_csNn0EfBE1kag0,GkHW2sO5vm9wKyUGpQdSEbLewf5uOszz5LG-OAc9jU9csg,236
E2dpPz2zN3i6lw1B6iGp0Co1mlgpumYFg4KepLQqiMa-ibM,60KUR5PIvHUuR43kPJlDH2cjac54WjhmXNQnHvUivedPXYg,163
oQnxo_1474m4mTtnRcr8LhSSTJISSmW3Kmmupm9ro2lMt20,2AeblF-3cKO7AnpnAS-kRJLv6ahxQachk6ikiChA6aXJ6g,234
QG3ThWL5X1u4VARQ0hXNWNOxjxbaEhPE3VhxrnOllvaB,iy6JT00I_YA1L1_bqjTkGBqj6UhCqQelOI0uw2OHy1Y,254
IEyilMDDBgWyjh8jIyupKOe6kfF1bEYaN0cyaWtj51IMk0c,a8wRdRXd6WRmUXndCjqMys_ALA-PBfyO3hfbTGTed9YlqFI,108
xa7G-OjdrQsSEXJWDYG7X5c3OmUrHHmaSZaFN-rbgzLfK04,ZgoUSBS27QjA1rAoIzE1ByIC34KFmkqUp_xfKUu3mX4SiDk,289
E2UIA90PeyxxFXrxPh_KtVeYt1BrZzGw_wXSIxG_90gR7qs,IzZ1IjSSQNiOZ7bNSU38xut2MO_vujGyokeA5d1bPCUCEO8,235
PdbUvi2Y1gWKWv1kKQRUXF3j7wjPtcLqRrKuIU7se4JQk6A,epj1VbMdRsmFLscRzQxP4-GXv3dpc-4TULZpT8Xbb0jCbg,99
D8FCoSPNq9BQzsvkAu8BGpKLBqu0dG5jxxTc-mtAT4ZTyNk,3fceRnfXD1yvsdhBKKqRViEppe9jkPQxEqa78BiQdtmhJA,163
UvCM3P_7DFnbd4c9Dtlhnw4qIYJeZB01fYg1N8h933j9IM4,3Pj_SKglu2VbmY26fjVzLGEWypShiLFCelBvGje9VPRM5Q,373
twNFfGB6gaUbZOrzAuFmDQZPvSG_gVCymiq2bU4L1MUhoKou,4k_euIysXpfdWfqEXZ5gH2er4hWLpf1TTR8HuY-X9w4mJ9872hdHSuiA,88
EMgiqZMzaKssC5CoYn8yVSKP-45UfbeKlGMVHdUKfLZP1r4,qF-i-H_Hu0wJLTgPDM2LJ8URpuPN55i3l_CURuruIBcGnA,133
Os-S4NyKQkV0gcwaCye1NmolgFxXzIedK6hLvqqxTiCJwak,NmX5MQc4r7is0iWMzqTag4v6ZATdgKvnwuVjIgzQMvDb7Bg,181
0e1buzSCTv2dOCfSkDpHp9YymHc8DurhnfqSKiId-_Rq8ao,JBFbgSdrTFo0eRep6WKUD15DhD61TvXMoHs7ClEWrzThnEY,180
qCAz2CcaxlVNsp8qyqbM8ctolCEcpVZDjWNtYNu4LxVjSyo,YzEJZcxHVNhQlUanEhsJh7pqoTotpy91ASYaRWYnNZ_IJyw,103
ynEc2R7sH_KQkNjTQq9HJ36N839QF1GtFK3ISZ2NXv8-flU,xZqfmiPbYJyIjmWCi9AJAFu1Pyg_g9cZlaIYcXPr1skvMg,184
F_wrF7rJxeklasZushZ5QUm6EGKIJcNq0FULuTJgh3OtHo8,iB7wK0BmJxBI4QNVvaOaNiqiILlCo0nvwfndIGPSYY6U6IU,185
002dg7sU_qAAPfuF7yPBsmlaqNjIrTfhsctQW9K5uVGyknw,OKbd5AW5tmxzj--GgkQslrYvyTDEyWmTcr51y198NVSQemY,299
9Us4yvQJkczo3b3Dm_UoTEzpb6g22aRHwIYyBzVbmt7quXc,MRbd6mdsljL42muQRXtQRcTcCntJ0l8YPUI_sbXdvw9m-w,124
-2YIxVcKnBwtBa08JzQVi36XJMvqOinydPQmEreCzW8L,m1BL2VdIEvAfyuLg_r25md3R5Rsp3G-EdEus0WnmTpzhdw,153
1kmCWPwmWGBfrLAosR30GkDzoyrhb2gctUmkwyCV9iJj,rXiSLpctCTYTj0Xgcna6Qtt1Muj1bnq_98rNTK_-WqE,223
umUmpI49dbGP74GZoIZ1e1NbUyYDI59r12cCL_xz0rUO3gs,dWsYiFgv_mkYM__TkyLb6N4-6ejbI2cw2UvP46M8BgCOLuY,248
z2w3gxGeSh6FCnyZaGJ0bgyglB4qXnxKM6NCcYyJJAlQbQg,0C1oNjWhOyyiW8xzFaA7LfNibHoXY7wHg4CzJXthmwuBQgJY_tSxJPkS,159
gh2h-zO31feT-H8bXks8gCcMXkPdPLdVO8GQP41qimz-fBo,TGSBkxCfe0GkLCZcN9dvavVfchZPljhUSNV-NxbtI-s3ox4,92
iQcTIbJhofhXyS6I-_dbloBdoG9GGGn2Q9jL_5ARTN1yzfU,KD8ys6QAi6kkWQlmcTAg-YEziY9N3SOilQkshlxcH0NeiA,131
vhanVa1rujNcXkMdjr7KAEHhdKlguIrkFeKgYLYRQKmznbI,WDQgUpnP5Blc10-ruwQVWKMbTFQf-Tw2JFtkihFzGQvgOrM,211
uadIc0S93HdizvFuGZfEEG6iVEMX3_XaQwU8_6dzZ_TOHwbm,1fzOGwUdY6ggJ3WS2JrF59N2EYJSFPlf-gQUJaCcR8YT4Gaz1cx6OCzH,58
7Gim0KHOIVoY4rVa8hYQCKh6Z_92mfiisg7trQrTzo6EFuE,ZjvX9_KhogHsuVv0bmFs8mD1O5sMTP9Jg-HtdrgFcz1rnQ,196
iAN2ZfaSIeu8mBGVbcUqkTCfqOxUuCjLfoz9KHqyfumlv_E,MWCimuL7G2KG4P2dAEqccXl33jDXl2l0mrYZ1QjIC-Ja2w,291
NoD2gUi8Y6mrdLRM5BPSn-lXFU0GDBERwcD9h50qmaf6vGQ,vySsT4egM7Wd6WsH-v6BWG0kQ5jS--ShlKsI_9Ptr0r2IA,223
iW7DuSNLUeg49ryPUKEolP-neqjQxhBbKUis47z77H47UGY,jncUNTdKrIWQNap0SSFzoSGDSbuBEzEnQlU18-sSJkepqUA,118
pHIu-ydFmtuWEvp6qV5bsXmKoxbgw37gkq55oKCXl5DjAWY,bKSIOjqZFG7k2o4p_hhWA6iZhK3mSsiAsbKAm35E-wxUtAE,197
ZDwwGbVniH2uwMfneGP-fZbuZP9uq89lDmaYteMiypImNPE,YuChWoxB8LJcpMCtsA2ZlEMGDlfwPvqME3buntgBDIG4FVI,151
3GOW1IAT6gc-LrE-HYvYkANoYThsvW5fWUzu59g0TO4VG8E,k93yZVtE7lmUq03Te4iQzsQdPsEFuPNEniGjArGgIgqzrIQ,253
9m1Z57h17eQPxGexFwOWituudchnUih4y2GGHuOVqddxg5Q,iP-WJRShfhNOiFrmLHcJe3UyjXF-e2rfrDvpUiNu8F8dSFs,231
zkABvUDFv9RUpq22l4FVZhSUEpdVS4kIcYxGaSyW2-NH-Rc,OeyjJHehP8xQJGGaER2EJnmw0O9Pt8VOwC2ypeiL-ke8rA,278
ViOXOuA2pZ1OgRbA9V2qjsXF5jgZQwdprVhAHi5XeTggi34,nfSmZNXWttXKdUbI900CpEohv18hm5WQ6cOvVjI0-rSYUQ,167
7I8_vBKR-R5xA83qpND61r_AYWlZaLw7JrhPUWulAwRLouw,fECnHuacorqUpWJPLT6EtPPrr4VCVNmD3Eyct3p2BbQNBA,333
29x-fhzugCJMaSenIxKbJq3Obw5a3PWZbB8ObB6e0xACENU,XA8an_dQvmsWDaYVVInihMSVAlL2DLUOgRHYp_uLSLhm1Z4,171
zUvXY9cz-JrW4QgrTWJjxpdp7R0Dz-5NDtvtG4wqMxhy0CQ,iJwmHxhlrO4TD0rvPjM0f0qU461VM6IjLlS4BcWM_WwE9A,141
K9eDzn1lYvuxtFFAB06FIJ03-gxxzs03ptx69ywm5EkPv_w,m1ClA9HSWlzAp3Y62ycZBoUWBoDYvKxPQ4hHCUtDgFcBIjY,197
qGTxfUNgufscOQA4a0B9OJkTbziTlP7J9jzKnUOHSNVxano,pYzxC7CuS18Bt9NnhdKbKpDSbMFkpxK5AiK4_twyCSGkCCo,357
UupjFC2wS50V-n0r64ojl0VFbGYZGRjR7em9dUu4kYhMMQC8,W8MfbL5J6nD8NMaXDasMa1NMCPippyej2E8OBJYSj5wquQ6C02VUt7SB,45
NGw-mzRdIWUFXNN6sqlRDQl4oEGHVS9G6F7nFy3pmbE7o3A,_tYPlJOM31ANBdA5bXBbKI9SaXDOetBb_yfy2jKzdO7iDA,333
fSm9gEjLzkVmwcfsdIgNKr4849hx6djrvKHAOCIPeiQOmEs,KqbMuha8uGNeBcy2AsiFulq3pYckGXLSo6xiQJ1XffbzTQ,233
1Hz_mcIuiiOk-5JLBvbJhi6haRyCf4lnHO8Z7NiigPgjNlw,RPLXdXIjoE74ShQ1A54erSr_nd678rnr1DvxwjbTtWrF6w,179
qU1RxJsRb9jWGF0RjcljXTCfRepDsnadBEDip0DNOH_AHZU,JcMiDpBMCL2tOXb2Bm_MQ3M5-GpHl3UU_bCzO2U__KoBoYM,213
2RYlnmjCCWLaObXMduCphWEfcY5eEr0ue20eGnJj_ZprBr8,INDK2xpI0oaeZCGboc4g7eTjiMExeiF-WuqnOaOYPDE0og,177
0xEWL-4DEzdawQ7Z2u-Y8qB2TPAnovVWMIpyfKCsCdvRsKc,WFHFRL3mTzD7z-W2Y_K918zbo9vhmvJAu7nmXPh8whX951c,226
JUSxlIcIPo0YX7IWVoLM9DdUGGY9a_Mmvil-CvMx-SWLz7o,H1QXlcd7vUPeYN2c60-BVLdvXj2tFjLavVX7nOsk6H5OEUA,305
HBBegHbikDpATfmMpAL1uYoyxEQgxcx2wTEB4knWV--VSjA,nnB64CwL-efatI1IZnKfFU7_CrHnXaE2OXJg5dQ-DDD0QQ,261
xTJwO9qBMdzzaI4DA5yx8TwfrBpuzc_oafxeUgE-VK-sJMlm,z29Hp9yhUsx6mLb57cSYGoXXrwAYEDOROURBtqpNMZqRJPMIBr6M7EtS,82
O93Ua_B7hMNu7HCAp_47hc_qw2I3iD-gNmKaxGX8owhC7-w,ezLIUkOAp5lNIVkbBALfGXLmHnX7Hp3X_-5uFVTzMKxPMA,162
m9l0Or_TtblNt46rbgQFI1lJTTOuGpqy7hCAZ1DoTTOMl2E,gJeVrfXixzjSb90Adt3del0hNJTn2PGStL6yxnxlhiIjOA,244
s1gQ-s4dPBi_XGqDLjt-mXVrMkIO1XQW9eNZT8J3-KQVypQ,r9uEEzDVGcAkLFw6vjmbwjPxt1DS8paT14SoSheY15QO5Q,96
y3dTMsdeTRfcY3N_hw0zhyqrLM4ZZ7agJiwPVDDlRd4lrPY,zDoxclR11KlcYQHg1DQqSVfW5LH_x7ZApMJgQM_5q6PfKEM,104
f6fvNFNsFIbEgX2jzaYwTnhMCQXJuDeW1SKXSDI2aKYtyW4,NGNZ0Hi3PMW8us1sQuJUtM2nEB3ojPZ3qbbr9HPUl-oc3_I,60
DAwf8t1rGseuuq4e79mi27y3DhD7G76hRqNYAKVgukUm_us,zcc2M46j_78P0NKMe-C91DSoMqH0nlf4FpHKsBjpeFAFN-s,274
R8m6pVo7MdnuIQ6VhWDgHIKepaGARupXaUKdLPlSGJGz0aY,5GcvJGTVI6r0Zz5sc5Svm9LNLWGM6e85EcMnGZeJtnNgTIw,141
IZQAkJiQCwOHNLpyqLjnAFcavhfwnuLuUh644wJY5gBTQs8,xLu1tSrc3Jb_XaH136aB98t7Yz22ozNAlW1i4UlIZz9aANc,117
xmijkAum0BpHAV4jdkYJADCUopRf-zJRV5fpHJYvrsUz17u2,5iGPaX3ZVxiGePBiKA3YElNE1Aem2KhQ8SDMoJctsulB_LOMNY3WU7w-,68
dtDjPwdQePr9S7Z46kwrY4BKdgBtLfPi9Aui5hhENw-4dG8,0mGfdSMWH4jOUpYrfV4ypdP-ln5l-ZeHFXIJlVzwj4PMhw,303
qCoGOSqEsQbwjQGuNE4u7H9WLmUwhVrSbhoscOvpvdI,VAuY1PYJWFl8Gqi-G4n2pQzFzRiuASUUNM4oaPoffw,174
76bZU2BQklBjESROdWK2MKvBqmYpUREZXlq4sEoh1FXwj34,h1tH6i_wGFqh7zr-t1lZsQZML6wHVs1X0n2ww79tcb7tGQ,217
rvi5VKBQsMIKtRpqLbXmcdOqIV2-5_8Y65uoCB_Wk0Y39Mg,3vMA159xELuDiw0vuseyTiAyXzELxZDGEexAfk2mGzaofg,184
JRaV61xSF9dL1gJOIHB6jZdTvM63aEuLwVWbhSeMPWTOYEs,gSxzDxVpMGJr0LcUBZYlG4WjmpNCwviqy0GmSGvdlRtJCFU,361
zRBP6OVpb5bksMWyayuJ40o4xSSjqUPqSXx85IndtGQTrYo,BtQO_BkWR3utvZARUX0vqxXl1zTFRk7iHwYfYOX1vED5ww,65
SSDZi641RpnnUJ8kl0gcyOcSorx4i4QSQwPGFOR5Q4EmdRo,HOtZIkJ4omYBtKKJ_jcJLOaRPtzH150O2IIt4IqPyClr2A,194
hfztqVbHCkMR2LnceTrbMSmV3ZZTH8r_oDFOQnaITQLbwuw,sHdU4LFXnCBGtZy3Mby6CCCJjjVvpKY3RPF_hghcofhl5A,180
5zPeIZSSW1Pvf3Qb4GdoCEa7wLd7fqXz2seL8dNp1tjUdXU,PIEBHijyJTKnwmeercr_-ofLqxIizTFNYFS9DT8VKEBGpQ,207
KTtVgUHXLslyXYfDLVe7iYTsDpandB4ZpwwSix4kE-SbNVg,ENqTtb5m8RPII_4897lx--RnE4MkvWqEixOqTsEWsXc7rA,144
Q_jauqKlNTt7gEotuRFDX8oaAKOWZxU6UZqNQitYMYwW1-4,mbQ9UD-LxnLn_kZ0-AIDCN-UDL76CbyQdLcWq0TV-_Jrim4,239
N5YhWBi8Hulq4Q4tTb2CroTo66HJwE2z3MSFO57czNLdx6c,XmiVrupQ_gPSbaiZ8WsCrLwCvSVTfVUOfqNtuPGO-lYpUw,264
uL8vSPZJXD8S2M4TcppM-pgEZCdNFhZSzvSUcApQ23mlSSM,tplbOvlaYVR6cvje00jaak4NLTAwpth1qyPxuJ-2BEfQSc4,137
85dvv8SSRqVhl0C06KkUOernuxcTu_H4TUB3FpsHPwLjdr8,k2S0OFpzx3-qERVUlE4ZsM-N5V8E75X2pK6nOwUBaGCWFo8,299
M_SlyZkFtuUCzUF8oH8doNWwQY7gCIvDCRCnlasuLcU,9IA3xYj5RpxOiiY1lleln-SH-fdBl4qttwc-EJDM-A,240
M54ctHNsfpTMQC_idEwRPni8_pxuUXavYtaLs15D7wubgAY,1nq9AvWKUr0C2KLHLv3UaW2DM-rItJgUsUmChXqYeL9XVJo,119
Qop_WZfIWYOdGsoq5WWmrL3Yku5r_r7vIvOIvqT114s7WAc,Ogdi8L4-iA9A6OVXOqZnxkkzlmr8wlT6Bv4pdfy_i34FXQ,242
8vGQMVyUJ0sU_I-RcD4KHdVkXmtKpj5bFNsJj0mJEYEydDE,Pq51SYM_IpomU34Os6vsWlIYT6jqObzL-FN0ADHoBYOk-A,295
NiorESVGtDppaqzYq0gn5Mjga6Y7OSATcfP47XI7Ia7E-3Y,FrVR0eNRHYn-ylwlOUwCqDTre_iS1247xg_iCJ12f-HRbto,118
C_hsMWz13KGTyYa1Jk8Ne8fydT_4ULvELJo1zLt4UozKwj4,ulQkh1i2MFqYrryhpn2AxGH7dWZnIKSwpljvA-vx7cIh3A,332
PgSYgVe8jfpFhiiXf_uZJcOR0Ujgir4ZnS40DMB3We3Rklc,Ldcqp651PFgjATwSmKnl9WBdizirV4eCRgGT2qfi4r9T770,56
9ABEObQivYf_UNzn1SD9Gger1xm1tiirUmBSIC_YLRtOXAI,xNF22wzIhZWJBw8iKlp1qmNQJ-4gaX-NxOtfM15gMMTb6Og,78
RSAkosL5p1KuaYfXpLpoAXU06cnt06Cp-zJfLmEOz4KTK1A,TFE9rFegi8gTtmDmvksio62RSnv1fShUglAkZAcYgU343II,160
KT-PWE8Do_PFlVEF4Bd6LPCML5aZzAf4S9qCsZUW5EpXMNw,v3QYSRW6v5Zkwp0cn1QwxK-GTyuHWwSbqk4Lt57NPZSPmw4,119
imHoGIz3y-ERtEwh5JWAEnNGvxLrnw9g9Lq8hqnub7Wks7A,S2uazfIiW7LPv5ruNZXumCstTEB_RA0eKBoR0OqMP00XvA,501
AoBluxCYgi8Y_MXkw33zSyJ5XC5zU263cr11_qOhEvTvH5o,mBGA5sR20E37srkq0Z0hGbzzBC_-YiwF_QUgZxG1kIj-eKo,224
sqM4Q2_9buRT2YnVFnl9qbmWoitfGbETAJuG06K0ygOX7f4,NvDw6IGE4fycA922Nqx4Mg-RLwMT-5zGjxZQhZKyA249Vg,214
NyzWQ2N3HX-jcf_iR1b_9S1OM1d_xswck9gqigYBd8N61zY,TV_cIvrQbu0T3T3lXc1GEapbAA0gLRhI5SlFrLNSpjnSVvQ,438
wsgmMEl0gk6uX8SYdeHNf7bLb-gWQjoddFTJkHIr6sMTk4I,3dk-74PKBIXZMw7BkxCCd0KRYDgOYNjfHAGnWm1zd9ucdV0,256
u2vjmf6YEJuaAaiieQ7nDEKZKXVQNMmGLSHKs5VXmGMpfDs,tVAdyjzJ3VpH5_GKI7qgoTdOOxAgNXVv__eq0gha89RII8A,109
Qz_-VEsU9KtaTL5TY5p4ege4Ikwy3O3HUNGBHFa-o7c_w1M,SuUSCc9ztD6CytW-xfloACSfxrO8sBQX1CodL4durlHDIfk,167
IqHJucSvVR5WQHP-jT7I7h7RWFsi1nWMTnwA7xXj0td4A08,158QolQx4FqDtoS-mSREm2FPYldP_wvDd4w2rLfOTt01d_U,314
AjS--8i6S3wZCq5U6nKMCilIwy4MJjWu11LHJ7cGuwDeBqg,Ail-RWx3_CB5f34HNS5dfPE3fnf6nmDoEoa9mVdzykeLsQ,383
zlxLOntrD_CNJ-_zZXCJzB4iQ4xqCCJYoqRpnWj3bbLSXLQ,1Wja4Fq-SnzzaXoOtrg78o7VkT7pQpMCgLYvaTnWOaFd5Gk,275
MC30mIleBxk3doq0kD0I02IlqC0ZFNEOk5Ff6ZIgny4a2Rc,jV55rZD4VgQG0iiKxP3dBB4mTxEJ-KXKDsJLsZQVQ-VkBbk,89
CZT740rXcOLg1kb5Kx73JR1vmqhAAmA6DatFmCqYFTXnbvk,mz0EAzdvCSM7sv1XbmH_D99mSYhJex9nRAFWIBEdLRTjcg,235
AvA87iSJKr4V9T3S5F5s9-rgXBGuGP5sbMzj2uhWNMHyvHA,bY0xjEYouwft7KLm84577i9ICL0BoIdqjWm_BpNekPO2I44,141
KyZRU3XVNczAlM5IrDsqL90FbNKoAguhmApg7z0JHQ2W3eU,Ea7uv4w7Lmzw_OJdRZ1i3520F5tvRaWUUHY7cUHKOXFOBOg,92
nsJYhePyPMdlP8ME9nlyBPEOA79TQvOlTMETrpbimJ7A-8c,kmDvKDBbcUgKY3ftmM968aLKlKACcI7-LGOpNYcfghE1x40,86
cj33uIsh4rI2IqNFedNQRTlRtKUhgDFJkL5UYv4cuy0ax08,q94-ykn5t2kXwxfyT7jLSH_kbBZ7EsGe0pEvs_zeNXDRUA,140
wVpbqJbLqXx3VR0BOmArMC7sDpFylzuILWAmot2ujeLeO3M,5b2noY-DNZnWTV-EAxlPHRsILWqlX7VepzfYFPXxHVKl6g,85
04VITCDZ3p18aKyWsX7alJNdjdiIY1CoFe1KppSoA3H1xRs,UzhNjzD-Z7W4PfKri0mYyXv6lHPJpZd27vOS0_xZ2jLcfA,275
aIgt6Td0b8QSefa76NlYOMxNT0ib69aQ76cB3NNxIjePllc,Y5T8WtFUh54ZQNa7UbZSnzpPCTxcjuNP1Hof6nD3i-B2qA,71
BgqqU9hajUjAoNntSusZ5QJj5yZ_VPyICc5R3inP6aef0Fc,5_CA_rAGjcbutUO4WfQ928vzDAnQZjqROfoIKzqROgLlxjM,87
QLJU6y3MaUZ6yH9fRwxyt_54vl7Z3a5ci_SSrMlVSYL0YNg,AvLeNRXNbo7C2vSrIyeTN-hmmRbS4N8O4BAyU77w-JFPBtE,87
brXQvDRzOMLYccUzj4nc1PsI64KBnOV47Y-Q0vEkZJnoR8c,rufYyHXfwEc5C9tInLwEzdWzl3gaRsNw0Y6psxdivMo3NBo,47
aK1Ck8_PuZrekP2VqG1x47P-3gI6IfJMlisr0U_Mm6hxPMQ,B45pR4Th0rXZ88CIyrve9_ol8XDwa8utJ0v1bICmP2U-Hw,177
Wf-XOmDqTRvC6gja7ltJxBLase97bLSc3m3rieHAhVaVsPA,hRvyKig_sa6PWjcj4GISzAnAhidjxD88kDjvFcTQhZXnYw,258
5dqWVadhfcnIpMMD_mfjJIkk2pA74a7t91lwm-sUQAGESHY,jexI9wVSlX8Q5dHAhx3tdekAr2aYf6qQVGKnKv9-_AXpKs4,423
FCyE0Bpx6krxpIBVoOp4qe5ZxyBskI86EAPHQRFk4BaXL-8,ysBeIwwt2mtH4gwbyk-6nPhaibCwYNPk78pZ8YbSG1rcBA,296
d7NldjtHZd9M5lPyIibTeO5ta33Goc3hudKhNThWAZvNTp4,4HoGs8lsIxOXTA_DTxhe5hPCYl2hwIe3YFAZxRamFcuJVlo,142
56UHBD90cFx0f6sow-WbiWkswiPAlh2BuTDR6l8kjZVF18A,g2-n5ooBtdH5EUAD6EcOY-zhl4C3tFEI-A1HWGfRc0HoaCk,346
Hzfa9PBs9ERXo8rKK8V3Ln1kRsm4F7dc1saHfg0um1ABOiC8,jZD6NVXc3Eh_h0TpxcjVxCeIAyFz4UsRAI6BjNL2gLek4FIHLbbqnDXS,43
8mle6YTtep3eoxeIfV1NuKypKuPKjZKx2tLqdmNh1Xai-Q4,hFYmpPgW2R9lIMJNmhSM84FEh-hh8zBhMxepdKfOZuw5ow,219
KPlpBOtbesJ1yYPTUuRePUR9UvMJPjCaDzlgT9q74MIA2F0,G1zFLqs5PoL-0RAeO0Nxa2w1NwqfuwIEflSuqi33MuMT_ZE,261
JxGtZAAFhlfmtLLnPuJUStRr0Xt93ApaZHAAiM8J13VKHVbw,-dQK9EsSatFdMfKbPG8tojWIbg77awAN6fnzcEZ6iu0Y8Y4,90
c4kAqbExVev6_N6y_B1ri6-eJSpqIxZJ7B7DCWnDFnu_LFk,uuloHtffimnt4jN57YMHnhDJiZMBzGh4244yYgGEVXW7i7g,179
TPdg9Rx6CfkwtFJDJVi_mviJvnz-6_TGwNNG6hmi3N0rCL4,t7r9HsiTQPtkWw9wC2pocpNnrW_LLZity7dR99Bx1Y53mg,236
SJqD0OTtlWwqPQyq1mzZJ9alRIWBTTHBitET_5Ke4x8cgtI,-h9X1bTl8qSukOL7wPZjfI7xfeL5r9JlSG41t4U2_cN29CA,310
HkLHdGsVnlsi16rZ7OofhLNjmgOVBw013fqRTdYjvExnDy4,fEfg_t20KDo5mnT_9COd-lHXj-8m8reVVXwcUXzQ0uj4fQk,211
hXcWPivh2_ky-CwKH9wkxI9qKZLgsYZhquX7pv27eMqy52I,Yx5oSnw7tbjhTHcnoonKq-V7ZpoU5yfqxadpVmukWdxxtg,297
1lBEUoOk3rTpJkJ3GLN4X_ze1PirvOvb3imSiPNi43t2_OA,G3JGM-dFfdaH_troMdP68MpDELJkkQYpKEbA5JlLG0gYHhE,277
45hdf_rvAu0PXETY013HOJQarPXA6H4kktyrC2bLaJnwoR4,l_RBH6Vb-73lqPDqPIC_U1IdJDKcd8ePKSuhmzmcnv1wlg,153
KZm5uXPuAIhEwL-JFLWRXwmlEYrMCEzrOBZej0PrgNiTs3s,s1-L3rkSSe_W7ppXJS2vslF8Xy_P4g4soLFpyb8sOHbxkko,309
mHUG--tVKdeGQf1TUoaVHicUF0cWj9ukJhEz14Io8mBGxuY,L0DQAmmZZ49Y3uVD9lXMv4uZVSYwHL0l3SB3x6n_kzEHKw,221
bFCwgZsDbJs2mY177K2tNiRHTh7Aubto4imLxIQCizW7fP9e,4lc1mXyi9ee-EWR2jEZTr6AJGBGHkbfegP6LM56WtKYoi1dKWNQ0PAWY,68
vYQ-bj6AZWEGdeIXqdFMMOcE0U22rz5La6rl4XSMu2POH4k,TLCp7yaU7aNzl97QJTVy57dNISvvrB44moGCZTaZ2afgCg,81
MH4_RzO9XfwKFzgLdz59tphLgOevC5HkQj9PS81DMBGT0P8,ZY1QNjw-iXg3-NW7UQ754_pCVY9J7kUg8LAOZdObhwYUgD8,125
9bE2VK9Poj6GiA0DnSv7_W8dUD02Q0XL_2BS4gVNID43sOs,aKUHHDB-tNZQDx9t2lIy7LNIAJTIFq1sEIVefCbLCgQBDKw,148
VsvobTWrqDypHShYB0M4C2pRXashiL4Cmo5psEGwimiqdv0,1HcsVV3gqpNBaXmKXXKsCZ6h1zrPOeTbkV2ml2T3Q9aPArQ,197
AXCvwrwvquebtpGrXZEWYAtzUtcVBBLPNfbLZMc1ITFXepc,7p0hYRWHzbopNC8Sv7i_I046GxV8CvowJmH1rpmar4DSaw,141
rmXzL42SLJcZVo-RLTQsgjZbfDXnq6Ww-aunE7U_xBMLdtI,osNuusWivwsG_QxuyKw9owHrg7bZZ7zH2o98fqoj8iriG4Q,91
VAuUKXXn-GUPP_e6Gmdkck_I9wJ_S-lvHgcToEjlXqYXULY,zoWIwQUO_3_H5Z0Z6nOSL6Swd8BjuC4Vht83JpNpeVF50w,215
JZkhnctD_j0Y8RAdkk_oXRqqVsPv86RhJ7RA_s35IgUT,jV_4ZdJmT3nCi-e8wy1r5PVpazqx6BlTWuhWrBKsuuE,229
kGLDNCM1hoDsg8icpv_N2SAZMNnvKIEqi69vUtrNeBgQ2xc,uhVJk0NSlRRFHq096tttSRcSrhXUJR2rlaKapDkpulVhxg,189
PTTP2JimjT0ATKugBoLYDB4X70EIE7-beROCqQWXBt-yNYk,FAsOFfEa9elzcunvw0H9KOTOzK6pPjylx_Dw2BuC9b5sJQ,194
P578BL7mijx0ZPyfsmDeaTb9LlOUuuqmrMfPfo2xBbciJIo,j03gOnftUkz6wZ-opryfkObZr5hKZMwVewqapeKfppu6xeU,142
A55_VtKaVf6BRuMnEuPEnUuvUbGQEt0ppJRHqvqzw4ovNDA,P6YXnctTLXKKv9eyRPCVnnqET6FAG0aEYfQeUj3lstAFgng,140
WZVFnmGQLRHZlymAO8xtNL-xwOJK09q5DXcbObVOeub9-38,9Bcqd6XQPYHaeaouQDJPbyzgeW7qEb3xFykTQoZMsbwgg7w,292
l4yNpOFdlJ6WDXAC_dsbIfdyD17cThdzsCprVsqanqPGxc8,EqLZZZGzi2-ytQSmHv2zKJzX4ZPMGjrOzFdLIrVwTgl77pc,423
qudn4fmbPc7HJ6rjTVH1ARiIjY0z0iOeJ5zO3ggXtXLRGSej,VOX_HLrEegUOyKgVoq8YrPSj96rsG9yHeZr5rFQZampFw1tEMwL5CjR7,43
tKOQaS19RilhZexZMIO43KqzJVcihV6Ggd00RJ8rGSap6Zk,DE-YkhnNjmZ8be08oOb0AdN43jBWcFycB7TpFAyNHG8JuQ,220
cuVeblP7_oLnmr4SNhzVzA_Z3ATX8vTTIaiVX6ikZKakLZo,fncZJk1UFRs_DYRJJPaWnj8cd0W0IdpQ3AuLXtJ2OoVBsQ,168
fbPTMdE6QdXNOiS9i8FhgrBp6QiDsVwbDPZ9XglW2tynfKY,v0rYdr0Sp9GNuARTEvmUDy_dRo3ET2DLwaAQage2373ScA,201
oBZy-S4SvL1PzrGUBjkSs2WO-ajLS097XhwQIzlCwleCapk,hEPwwUUdIWX5-D1a0W8aw2B9UeailmZVAKkbcq2YcSGfWw,222
yFBc8ts671TGkQ4yQ8WxrQppI8Ef88vs89TA5MZumItL,XRaiv8JqItwz_lrDhigWBFABsKvyYUIvgHzt2AabFaBpPQ,123
8BnhFHIJPM6OQKPIJ38m6LB-qjWpuB4-HF9IzAqGptUyc316,cUh0EIuafb_TqV4lVcWduAm-t9lVHM22a_E1OmbxbDfsa699i-f_3GBE,247
CzMyBoSpAYNkZ2vYkbTjFs-XEZNfnq7Tnal9gnQK_ZuwscE,mR8D46UR-evsVJXJT8Z04GDP4SqOFm61_l6zL2aus32Q7NQ,270
97TABGam-vy7GQDx_eYCV6utiot5JosiX03I8FkgDyolSLI,4UybZDDyixs86rCq2eBjoYkpousGImBXEqhPMrZYELmxhiA,185
pQVu7Z2UYEWrVjVTOkIz4lqdbo0ghJw1hLauwigXPLF5s38,hbtKGXbVOTgQT5rfEbodscmUros1yL7w0YoIOyJ-kSJqNyY,166
RTjSaMPAd3qXTxL7ci-E0RMnIUoomwVdlUbukKC7AMHm5O31,a_XTFJcYOr1st4ioBqvj8vBqeaJur9TuLWrpPJrZOBx79RwIonSBqKsI,37
M1fXd6lw-a5XQmmcstwppKwOcrveNeyQMG59euFVRmAVPXY,2t4_a5KmAbCiRb4T-fBgr6YQD3FdvlJn2EPzBk1hwG4AIQ,224
Ecr2oD-7vYWDYEawoHnucg8q9HOhaIAEGElWM48DgB28DDTP,bs5QX-xUgFfJg47yYUMRxCwqQtoBxEiSbU81bVAQtgmDnBI9E6A_-_--,78
KJJUoe936N5nwmAqG3_hq_N6vLtYCjWd3k8Fgid0VfXNaiI,rKzVMLen3Omn3esQ73BrkwzCjouMotvIsSQR66MDS38r1dI,154
8PNGj3HFLQr88yMRBx64dGW8LN7KY-SK4miOf8f4OZj0zP8,YluDcM44lOvDjIH0TJa_rJ4DTxvjlmyCVLYsH_ZsDek3KQ,156
c2SBlolWLsd0jaFKv25lkSR9d6WjtS84ufXszJW7KobjkvWC,dQfHy04uk7Fv4SqVulRXbDFkDIFNMA0aJq-sUPseteYvDhvxUzl8capA,55
VSAPKdMtbO71b20I1lt0-vtqGC8HUE4XydH08J2ggbKIGL8,KQrbIjBZ1lbQXpXGNKi60nAl8-QCbn9g_lvku_NAXuirbzo,279
H-r8-r8kYCCp2QhS7k3QfGLxfxpL_sHRJR6Ak6U9JqfIrBQ,yDbedPdz9NLf4s2z1nxgddMzLwcoNaINcJT2D8pP1MN7pg,205
N95gxS74yUc9fqRasiqbeFE7bAZEDt8lSCh24ukQp7ecKnA,G8fYjMy-ROvEcO4NDKxdQkLmMz-BoZaRxe5eknZ2z9MCwCE,81
O4Q0Urh3-xsZ2eza_muEQ_PNIXtsUfL_apYASN9YILz9c1o,1sHHVpLPIxOnFg1MDAZdvRZzNDvN386pAzfCVqZ_GFL-M9Y,244
GLYX2ITM3scJ7oyD_YJWIVMgxqtHYOwxBVsaIBla872aX4P1,NAPDHBVXy23UlS6_8jyTzDCV2BqhpTL_hwsJL5enY4AqZQWmKdrmsTF_,80
_OSO_TA1LcCIw_1rHrdGQlMfaDWgMqK9khrzVIGKLCrDxjI,oSQEVtKS3ZfMy6xPLu-3MrPNtf6RviZG0cZcxPKMmRXgPuo,213
Z2zL-cSgEaKx3fLjNGKPdDUIaGOHw-wgURjWFYW0XEJ6_u0,JR4cOYzY7fAKul4uRixgxwcl9huNcU-iK1hNKUq6FVG4bTI,62
u-p-CSIkw40UwHbki8HPMVv5FkeuawA1c7MTOf304nzHtv4,zBKNwfYc7lY2wsVPvpcDsq_YTwKj_KyrWQVet31bATNJTi4,111
IXzOEzR8zlnORdpi00MT-tAbMAscuV6ZOmXzsBoJSwQa_x4,235FYSSZe_dWDDcZWtBWS78IXtgMZw1if-mFu8Ismv382w,72
xbIFkUob4gRHMy5wOkdoGfVczgY6HPBzW4fuaG3BKynLHWY,Tr2sPPxsNGEZJnbjVS7ma5n4XcRgj7d1F-KsOlwH9eutNBg,141
uFkwxOsTaSUFWhXYbjogHgr4gb22xeL1eSVa62GTFuHNGkE,y5-ZauUz9E0GYmDLC8siEm0usx8p5XfSOU0HYTMoA5QmwjI,271
Tvt98qsuuQ1-2Ukr28e-3SDskG9GwR8fhaO2kgyenLTcO3os,ebBdhdGz4_LdnpGd5ZxgEA7w3y2rWSdbCAWiVpJ0ic_Eklw3Hw7j1xxH,121
N-UQMfdJLqdVCg5IjZ-1f_Lxi4X1Ov2R0EomIwMJpEedloE,mpgGC_lWGRIYzelkcUJ7hhMc6YnetRiPdq8cZpXGhzCzR6E,248
jZPJ93z7wwWzsTSEzrkriHJpqfJvoKrGas_GB7dAh46ldao,1LSUZv1QEvOB9tjQ1qPTZVGWFjTWg2MGnsPmhQZM-b88Igw,176
1TOjdlWHNp25VanX9Et329KRIPcfdkvNIAstbMTEG2wl6uc,axl9kfpyKVTotn1I8dzlxq8EMg8Ga46zDbJwWjzUBvaPdwQ,234
VfZlzUt80d5vtsoiYwOfPD_eUidOLrG5oj788BhryW9F-xM,zJSL6USKn-T73sVVsnRyQ-LMfQNocVkudfyT8T5QMPCJ0A,204
FOSKSM-O0JikNJgjorMuoQjo6WYd_h9aq-Mkqu9EPuv6RlU,Bu0URl1oqPXex2yXqInzvxPMgPSZaW4SI51qasDuHQSG5Es,246
e9Bfzxg_qoURZNtECYIj0DMcgO8ycoS-n3hE-QogDD7Se2M,Iuytr54a6nVadXEfjdqolEXjqDHbM167wMXj1zgsrGFVbg,60
EVyvcUjQlzC_yYVAHEvGEzQXwMtgxyRAmOKI36sE4v0AzmU,RdjrLgKzkea3FUbX5Iv5UWB_VLrq2ZIExz-8PZ2LiuY93Z0,224
YLziiHxk-iQZJ7TmIUTWa1v3N_1iIsaBBNbcGHGIQM0jplE,lnMuuA7RRSNxNW2e_p8o12n1nnz0nQy3v5UuLlioh1OOog,112
vazHAsS80Oz8TxrQJUT8UAwbB5kW8io02Uw8EK2CWVfbMIrc,VPCgZCSIlpwBGS1blRKX9vPJol_K22vzt8fOdhC1Dydl07olUUoKM3Va,51
rF7gpPL2-qH8799ObxtYGj9BQ5pf4-weeaUnuAR9zxBzqao,UjzKVsfRTJmIdDcDY9o8HLCOMIWGZSOXxd7ZiyJagfS2_pQ,224
n569nOWXzcP_dxFQd3iOx-qGIDtyzI2zCjQC0rlrFagNy2w,nCxCS59T0UO0V-wD0V0I_lGMFGdp5Hgqa0VMFYkL7se7UlY,116
ZIw55nDK5WBb5_0OzuXRvMa4Zxch5OZ_6RyyLtPSWBqRoh-V,3nsVspEN9c16A_g2r0lDbUeBFr3w7NWMMhhh207e-c_agOGrCD8_pJk8,71
oXAxowmqSuLBtxZewbvQnMS8NMgcMwZvq3_f99y2VhxAPqM,rdf1UqVdjRzkTZZz_j42eVwSNlTeuVB10iBmKQ8zo9a9mw,180
2lny4o4-gQZeJeRN1KlBrLf5fSYBlL6ATw9PYPESTIk8H34,w6XxM_lD5jyAeIKeopCNeRZQs_4dd48ycZ65_klVF0foro0,313
9nZc6Nxe_vslX1GkHRIyNn_ZdVIK52-MItGwZr0VhITmRMo,R4bSMjOVnAxsbrXm5efAkutg3DV1dl4uujtpJbH6TCLJA_A,331
99pikLJ50fHL-F40-mNg6I4PUjDF9ZVRrCK1oXBhaSMwAm8,f2VXpx4J89_nboyRYMQLZatPEcmQbzeeCrDMOKVUK6fN4A,183
2ejBSkxq7TzY395cSG_dOmUplmz6CahuofKRe9c5z6cXvVk,RzYGGPJPUAQxIa42j5y4s9dbNm_mHOyCkEoLyfWnv8OEtQ,199
oHfiSCIYXFtrR_4uqAO3nXlxrTWVohgBpSR75wafsaI2y-8,RHLpt27aStRTiJhrlI7wFaBk4f7YZRd3IgJzUn0PkktGRi0,253
rh7X_rHUqHUmFbeLZPYOYIfYKY_O1wH_tIo2gYneYYcAfaY,nsNHhKeCuRPIxboNmBaPwxEJJjYaBZtl6yEyaLCwunH92bg,79
eYCWPWOesFdvZ8DMSh2BieNWj7hKjeVEDb2Bq938FTe7jWs,0no2WhRI0ij15Bxd-k_Waux0DSnvYPDWvDogU9OmvYUPYDI,147
EFl0zXNKXzr40MOHcKXDFg0ZwL3za4sGR4_cQQ_NbhmX3r4,seqhRY9Ned-lxYz_qzbNb0c2NSXdcWR44fiQWVhnSjZX9I4,327
2zjuM5i6PV9wwTQ16feqe59uaNiA_DdqSKNk4PpHB-pW4oI,aInlEMbM8DWuE3I6YLlCd_OnD2peJp8M6PznPwwhFB8v_Q,167
rlRabXGoIRjQN9QvUI_3bND58pA5Q6OzJfZ73H4svGNy7Yg,sG9yPtUiYKuuebHWEsQpn9fbe5-XhKaMLnfD070tgrmGXD0,52
MAf3aGhTtMdKM0horJp3m8GOKpg01pS2Qe4QsY4dIoDvR1w,e779GZKneY9EFJCFPju_P76umrzHSB7WlL1SXV4etGgkDg,172
oVda54KSc8NpW4c4QMEO_pPFPsFODie0_sJwieZmWRjWV5I,BbmWLOw1hJRU3Y-8RkuW_NT5jhHNg-ZrESxFJ0kaIAyJ4A,208
KaAXr6tNdo85S2b_suC6xLoIJUq8PPmaNttffDT3AFa5p0g,ts0o9CkAmypta5m9MGD3lLh2qEGIIp226m4EMTLsJiGbtQ,151
ZjXKX98ZIwJFwN9NnXZCXCDcwCoi6yQ_1xvWbFn9pWia14w,pP90bJWRXOQY8yq1OFmF_PbdeleEjn10KFo9j90AesXY9A0,148
9Pn634yXtKcshwjPURyxAPkOeP4_i9PvC2WEw5j0kOqIKz0,muwKC78rBE8DXdWNq79SAmtF0qYyRVNnEW1vo29DycKanCs,162
0-fAq_hR0w79NjAxAozMsisFz0hkTL02g30Fe5T79aJNU6Q,gS6BY5ScVduOUY1EQ61OghOah8gH1vgoeE1Lc9DNXy_AuUs,276
FLco8T0KlQaTGl5Xb69ls94xDZlLIvY74Ui3kG_rTTN7BFw,tbEWLJKiFl6WnJCPSf3MY6DQgZU9tlQGfvQ_cFQWLljhUbQ,133
uZlvBnnYhVARfI4amh7eGwFwzppqdWwZzJwhLAixhrnRvhY,yKBxdRB6dmtdST2B8iSlHDljJQa4qGvwClOlg-OGGXbPHQ,140
DRZOBfRKd9zIiUl-_fXrCnl2TePY8uDaC9ZtgFasabMXDi8,ihsqzHDxjSGCSvRQFzDSoz1EjzcgqnMOlG41SJ-7T4evwf0,77
hR5bXwk5jXAcoAc3yTbSJwHPb4KdHtwbEV7Lj7xfnslDwi0,RsC2UmbQYzm-yvGgEVz60VC7ViEn3diq1LTNgR3uITwpAw,398
_7u1KwrNur4Ca3FMupHVKnn1B03erJhAgneBqpmHgMPV,6zn38YuHzKleJSCCjAZLXVSZ_Yt1shzT2zZ2zyQ-aJQ,185
wFcJygZt6zKx5e3J5wHcBOoXE_o_1ag1Qk3BMqwuRci1ADQ,SQKcBLTLJYXNg6xqwsH77MDn02_3icXnzJLMnbC47k86OA,219
qRglaa0pT7C6kLBJYFkPHyYmFxqaSLBF4C-nM98VdgHRuw0,05y7NbPxiEZvvGHTvlzxZC_MzhwjK7t_hJkg1pgLUIwl-w,98
oRTNVFA5MC5fduw8jI3GVEmwc6VVk1E0CPggfvAt_q5XazU,6HksdovDT6KVoTGcxA2Dp1JyMItJGiWxfPLhq5gsG_IQUw,198
mYI581IO5gVgfsIV346PZPDk0Bc4rk0_jLAvc1SM3lmjYew,UJtuqW9ah04etT3v3J0jqHDBXCuJuTe2NkI6OwtGblUxWfQ,214
pxVJik2HhpDx4nYvI80HrI2OPKFLcHbTKDTUSRVw5onKycI,LmpfEGmQdgtg-pto4NfQEoetKoayUZ_Zl-TjDx47gUA4mQ,112
rHRI-3ZMpqL1vqrNs3ihOz8Mk9EqjtycjeZB0hTm3SdnTZs,zzTkqeebxtz7xxpfXPJtc-HDmvsJ3Jx-GwmIyerMDcgwLw,103
z6q41cBB69UmrtljICdRUuUVouZBYxaNbAmbNJ9eAw0CZI4,2QBJX8shM9ilG5uGWZPdybbXEW4q8-5Uw54JusofLjfVww,196
UwOFOjYhcT9_m-VzUr3BqfMCOOrXVp2CfK61QbVbFjUsyq4,hSwWU5oi3dP3GCsH2bqrfcNj4XlI1OxG0sxKCUNiwrtZZA,123
6kk21OM1RqnOqiZIF0kzLURyVjwMK9x3osIH1UshXYV19fk,6lKoWxueGy14uriayWsmENy5x3opARHsApmHgf3sBWe-igQ,278
zgul4LOY8-b-P-VxzmeUXax11xUSXpMAUx6a3T0C-pkW3Ls,_ul4HIB7-EtGCbcIn7efuOuoX-5xULHIJQoP1VWrK1H7lA,321
AiOcDFvdWn8ckRGFz8fnV2ZFae2iwFYxe7K5Z_TK2xdGXek,0DgyjlWPWguMTtKOizbmpXtu1_rOLId2GHJ0YtBGRg8f5g,218
mSqd4UU6VwlgMJzHfBT45n4lsaKYAh-c4mZB3hpgSNlZWTs,XXZZoDChHjLA1zVaeQW-IZqA3VdmMidBJW6H5LMRp1ByNg8,360
MnOTp7hDNPayCrax02PTmIdC_MhJn-7_EebC9siGTeJ_FOE,ea-AexNe70Juzbbs-vMsbkhWGtBioyK6GUocMOVsbllNW-4,176
fRuV0YXCOpR6w4MLC_XjX33o6Oh_rvOwrDoeBvuMza3zUrU,e8S6SNwd7Xka8iBNZi1x3aMRkfwB8M66fWwJyjqSwp3PAA,209
ORwCV4LkotquuatUzzWrvzyqc60BUAE6QPxuvrnLQwMVujA,cH5VW14GTqaS_ZWakGIDHl-218boBA3ExqU83BjgKoahMJU,285
9qEjcCTvt9melrQmTi5SMBzhecsOs9Kh_b9U_riW-nAH-eo,WBBiU2ANSqGvFRunNhj5i94cTIjbFUYD81nZJPTbrkulH4g,90
snOLRdRCR0MUQnb1CMTizSw7m56ExNmas8T4R-mJerAuBt8,u8mB2MacVr1v1n0VeHDb9GQ_E-dw-ef3RTATjmiOW6vNOMY,96
jbHwvW1yRXYxDmwAH1cTIq2I8i0p08GPb3Z6I8Gogw0Ghdk,exDTBiwJDHdQbekwMgNkjF5gf8aOHUs2xfIfK0512vA7vA,182
rdZOPZ7rGIu4QLjZ7Z9znDK_jPt8RRG4bCDfNmRelZbJ4omF,nGUDcswegpBoLtIRZNvkH2T9bXydUrVVB5g9dNTItNfepz3vHMTryaAd,117
01VVkYsjh1t7I31NGbqN8TjKLTRblK9Wz1BQBsVWEtx_GiE,vUEWh_o-4PaAQFOmgHa1GyzZ59LppXeBB7372c5gADx7kQ,77
61zbGg_oRbUXeCK8dUIUP-VQttwSX3eA76mAw-qhyjpUFdk,BQaGugJQzI_9-cMlGcFqgZyp0iYHtuxedL4bc3FQcxF6AQ,187
IEvl3eTId4SKs89CdHNtXbmEk787D7nqGEEq9RCZbo8g7Pw,cp6UvBMVKlRTPJk54bHlUKjp9rcN_faIpTm2GORdC91shg,235
IJjz2ydC0GlFJYUPPDwxOCKSWnoil2zlFwVhH2RSE6nc6pw,E4s-d7cExgqHhx4fxZL5SsnguLvwMmSg6daUSDeupA7Z9w,229
GYh-qn6mE0KDlX0bXaYm2fCGjoffPri5UNlyj_EIbHPzemI,i5eSIHYurCKHUNeuGjjettjEEFCcT8fZh3kVSWnbEft0SgE,305
gISFku33qmyfE86pKrDm-wrXojm2-iT_rsDwB2qtsInter0,FA15KcJyDaFCdlU6fq1SSTQ4TVXcu55oaSvUB9_k5d2Gdg,150
FlHWKKxfP6M0Xxr5Ltjvmtmdt1sJJmvZSnvUHOJ6IcwJ4UU,gvAGS4dmexvuNSX1sHag7TZzzLqWDM8-DlIG7NVjMhtj4uw,311
tmQNy5Boy9l4yMxZdfXG5jfQyV6Lk3Mrqz3iIVf8cCP5OHo,PvfWVj3BGa4VJd3IqUfuziDki6ms5dn4w2GkSVNuG0M_8KU,295
oTyw-fZ24fc_Amm0ut3GQnXeNH5GpQjM9oXdboZT059xNtY,JSMsq8vDr_U9-KxQlqGBoP4-XeJ4GuyK2QUwt8YLv3Um8g,234
zxhrnm3EVxhXzmF_dtIfeGZxR4ujSDWXytR07bYYTefp_HQ,_cHzUo1GC2MjCyBCAagzzgMNpd0BBsnA2EGSkeQzp4dKf9o,141
D1pV9_F7s6sSScH3JaKoPa9gglIiGrANVCkkIGhIr-xZCl8,4Z9fqtJIXwZjgTVWnv89qrMw0WyumoAjhJKnf8gl77hQLg,98
GxvwpqrckdiGtS3LuTqUrubcOtrQvRGvYjKlVB-nrFWMpbA,rjOrMWfags7kvhgX1WtG_HGgVVifiYHwq0KfMzVCyhbdyg,120
q7mwtwXZsV5jokGXJPzPLE2kcwZ8bvBRZoXQDrN9vEBU0o0,Jua9QPNGYWImDws2fd-BbfRMO1Y2YrIugxf-eH-6B90ZZw,179
eTyDbjoYtHrHBSHxi0FJuv74aud4A1AiFJxXSL58YSnye-Y,co5n126ZPKEDhHSwFsqZMDIgw5UJvi3trpOyZHaKacSDzQ,213
ULdzU6kKBGr3c0bycnTP_sMSXeG_vODoU9yS74AV2UF4M5Q,jyN26G5DZikph_fkndM_P-LFJQiOPp4ziSt3bW05sMKM3w,415
vVjMpVXhKKonI1hAlKjYYtjgIHYdzkm2onHWGId0K3mPUy0,GoPC4pmrzyS3JmepU8bk4EW9PzgQIt7g1y0CqAqkzfGsYQ,236
kQq9ZjtgddDHkFOeWECxQ4QthSNE0UVKMUQrBKwRrI3orbk,E46DeOBGaAAOnHLfEcuELi7pxVhNbxr4XvEDcMZYCZcCdfM,145
JWQruBR7Fzd5E9qHfLC1nd79Pgg13bcunj0LJWgyWG71Opc,YCqkioKmqTf4Go9Vc6EWz32NXH77Pub767mZcS0ypT0XCCc,242
zRWXP_WSlV4PukY9iipRwKVggUQ9hbU2ZXFuyJM84GL_SgI,CoMyIw8Hap5sqg-4q7yW3KSaqZAqtlGdEbr5AneQRsRaktez9VXK9hgg,82
20fyp1u5IImnfueAgYfYPwY3AbStQT4GBKb7oPZg3AQ2Ahg,XklvsI3LUIxag4JeLduCVWDEojs23S3SXW0czwPISQW1xrM,278
CG_i9b0xZrs7ssyPk5mSr8XIk4fPkM-gZrM0HikOZILDc_A,eY1vX3f4MV-gTj_G8F5Tp-NmSMobEKfkDbyg2nfC157onvk,268
aT--9wI9QgL5GsWEQpztStw0X4F8mVeKQYNES7RVxeY7fvo,JTP46USvzrVvT3KldAX46lSqMU3cFhycLj0F0NbkzbPKIfk,366
UoftrugL6-JX5gq4AS793l4hdX6Jg1kY6RUyCVcBX7qncYMe,rZM9WL4BJUtREn23VRtHEdsElSUaK1CQ1PLzKp8aglZxwBu1B0vqkRR9,69
zCw07NGhkeZv6reRa7KmNxFoSPcOYbJWv0Z3y4iWsxryb9s,KoMHEdjwV2nRxEfiulmnukKR1Elp665s0H_MUZ1Qc2vdhQ,124
tz2PA8A6lQazpSyu7gulPgIjJ1FPi0ZQVVsgIPEAieYb9ZY,gIqI7XZQndiXYcGOWHOPwpJjrlRGah4kZTvtt4IPH_SIiw,165
j7Orr2lFPJdQZGtg_NjroykLKRDL9CV9Xl6KkQsle0DPeVw,yC8gz1cyhPtY0OYzu639-Dw1qfJAcCUJOIkGOv4DCRETTr4,151
iZ_Zqm6Ya-83RAc8GXLiMrSzaAtDIYcsgrt3wFQfGaG0qPM,MSwCYCKh5zmjQQ-QANUWHCQgAOFqXh0DiFGLyn8cg-oLUrc,177
5beelBMwR4l-SUm3g5GpwWHZeYIsNhgYluRLd6okTeim5Kg,voaOKetYBUnNqS8sBzovsLKoORPWQ05wvbu24SChAW3K3Q,74
SQ9So9dfLMZAovxyTLZbk_bcP7R1Plx8b-osbSgJxPcA7GQ,RSFBlZqq9-uAbCyy_p77rmMs2zXyLj6Xgy_fq5mEGu7bABg,465
Lp_Kl1WYQ1ahLYIMHUx2rTwmNRrpXOIRC0u9QIWso95L9PI,-cOVbhBVoMCqhBAMlz2l4IqJFEwtLVrn94qcYnHuLkU3lw,288
UaJlrJb_3gT4RRw8xj8lnovb1IInIdt655DFOV1m74GmlUo,JG4SwU6X7WY1ZMy0dQT-Lv3pv4G_AzAUAH1cLSgTgqzd1Kk,79
qr4wMbEP94KMGQYyEFv8UouhqBfJ8bktOVIo5gPHTZNfihE,fNKXpShWXdvK6OmvaBZRYo6fYPD1BCZ0hwkCM3kH97GETA,274
EwEjiFAuA65ZMzob_My19cw4wNkVFD6_QiCbZe0Mc_iKgvk,KCoWNsbYxKKRggRwbpw3jQ-s2-HFcDvz8Q4zBKLf_nafPw,251
5_hbxkXfF67FJrs7PyE0J-bNbMCoc6Tj5RYzeXNmxUKP90U,nS46DODBUKozmZ3bJl2AS7jdVQ2kItwx59KoEEsjCryEDT0,195
YzJgatFMubJr1tYEW8vHwxMqa3XL5FmG6WxBvj8L92wmM7k,xhanbCnuQ1nI_mbbAZKBAeTnzA_OAzYdseKWfKHskWzaTgE,379
ZrL3IcCl7InuO1g6kBdprH9XmSyQQAEx2bWMhtN5pE9O-t8,O4ZOEoUvog_59TTdz_bRHeY8Hd39SkCpTQVvtRUH2Nj4cQ,217
U8ezl_EeGuIfJdcH4gDiscBudTgjxb_rW3siS21LSbs43F0,uhHDjliGaqIxKoLy4fnbne3gIbpqmCSLL9W9LcRiHA7uzQ,298
35jFC1KTP9DszYK62a9YxBmbUJdXvkzg7WuW1EE1gxYSTaQ,Qt0tfmNYUkGxJstPUhZvSkBjR2Ko4h1PlBm8qaAxNZx3sjikoF6Ozxzv,121
fB6NOizeaCLhi1jaEoc7FOK-zO98DipMiEORHek8OG-aNjk,xOTDfxjbSazFD_pSenBFp8S2WP_XLhRBqBDGjs4n6PWSog,196
DpUW-LziwTe2rl6p9CwVVjC3X9tT-YW86IuMxBi-7c3fVGs,wIz52ZSVfmNdH_ZzSEwHsNjM3MQ6MQv6k_SJPE_QyL3gsMU,82
WH0_V0Fd_pNmNUUDSXTaVhcRUb-pXObFBaAguo-dyZ_Ykpw,DTOVocVzXTHIzXeX8_kE-nSFyKCclOwgm9OjphmydjDE1A,259
CmIF5Y2AJW1quZ2tSi1KaBiTmEjwLzbQVEdv2usR6wph7eI,LCp3YQx0hEVpgpMfbUXQiUQvowD9msZySzdEzcecQjygKA,190
ES4CIpzyaW_ZdzFibdfUAhLicMhOy11NEA5bLUTpBOpv3uw,gxsybudfbjSFgJ0_TfN8s36K7OQIEflAvX4IMImoKtqw4Q,105
ryGDWeB3NvUVFTSb5y9Cmxaw9CT0bfzdpWK2Iob13972bgs,9DIP8D_VAQ3IHnPVuDqGrGVE35KADsvQ2yOwXlpIAWjmKQ,236
L1Ca8ch_zwidoE5PuNA19uka_k_12R5vAaSz3uVjYNjHp8Dp,Jp2ux-qVePem_NqiIguDWPJK6i6GywAHARkLhd0R2p-vJiYdddPIfCP6,52
nOQFoF1gxE9VnMSCCdDCzorv9qN9VzbtC_Y2nH8ZqG0C6HI,EsrKzbxCRFZfA9NlqvlcQAof-mkNe5vGSVT5WmbJxK8uweA,204
sj73qxlmS89pc0dqXHWyjIP3iYkosSd3xQYIT8Ge73dKCRs,5xO1MmsPprqiWkblxOCpNDkZTT-FIWKVkzScF7E-kADv2g,103
C5uEzgLNLCx7piGr89q5C2Q1QLfYUOCcVTtrmYwo90KzGgIp,42rABW27hR9fV7k-f8jDE944dn6Q8bOuGi4OL5ZsdfesNJUr-oA7GWn-,160
2qbjwBECAqC880VGioDFrF36KFq5O6JU15Usnakf8pAQ-mM,NeZDchgM0UvNG-iLR6htUeHbVo-N2tavA1l23efqW_fy2xQ,206
P9dN4-j7rwKnMPmqsAwf2ooT1L4JgEemRzD03gC00uYTQtE,K1E9XKkubj3wHwXIrd4vjqbdEmvG1iSO6To88dLiTgvcvg,68
mmIBxt8j66UujV-PNv_-t0FffNAtUeFC4Eg77rM30-UoEn5X,ZCq67xpgtvuP9KrGVMPg7AZ_S3LxKbX9reMeWaZb4GosrLCCxOwX5XIm,75
lyw4j_Fq-SxoudnVzK7suHwjzY00MjQ7LWrxBOBE_kVU-AA,5xWJKuPJeC9hlL_uSwxKWePpBbYIxU-B0ig7uET-8GR1Rg,221
9UZas1x0IF9FUCJbMcGHcwxHMFhd0UnkGO1PCjz3r0VDoAR0,FSxT7lDFD_8_ueX0zG-AdG5Rhllh8FdOUOCqnG6BmGEc3Q7VpEvVaPyk,100
dLKnqQGfs9FxQsoHTjNPZTCxrWXVFGAOzJ2t8cRZ_3PjeJ4,ChCx3pyDKIKhpwaPdCPWLaSGinjcmzORI6xRA4PKc3UlOmo,232
X8gFtGHwSFcO2VUb1bvR0qceb0xdgJCht7Vvmh78jH-0OdY,6MhaVQTo-baAukxtVR4kk2lfifu6jb5BfZjprDwgXwFMc9E,370
zSjS4C_4FDrYjRlPXJnzhFtZr394ad-T2co7HzsDO-plzyD6,fKkW_bQnURM05gyuJnTw3i0SlX8XGAKtue4D-aZTP6EZIZUibZEWUfwx,80
HJvnzpQk69XBU6gZ_f260jYS-GJRJVTdJGhzl-6R6hvRERQ,b8Te5OjzMNmxP9LDowVsiKytU3d4s6M1q0iTYEiv8Xj3S_s,255
gw5OtppnSp_JScKmUwYLA3ykTbUlzB_l0yNvQ3UlCiMm-iE,QuS5lw1cuIP0n287l_CEiVZ_yFb_bf_F57pLYx_Eer5MMAY,166
84YTk4ZpvXsv6TkWujxw7V7NbXgwBj8GJxzYpaTNv8p8wWQ,EAUYrYt7BQ6PGyD6Zu1XR8_DC8033khtULe-gK799FI6tu4,244
TjrCOluD1QdZKIL90hhvi6dx1_zWA8PKwd1yzRs7I1nouJs,ttMc3V0jI_c85h6C5YOnp8knBQwzglOfZLGgHYEXS9cYYiQ,174
XEhhUHDrsaWninrYpjwfYfyo95pQFU67wJ3G7jMS2wNk_ks,VI78bMaL-_UeNstc0lPVtoakJBIPFuLzMuZDdMiA7gkytg,69
TSqERUOb6jEI1UTwEJX8RWRGs3gjMJEQ8ewZfj3mN4uXduo,ESCPMUmouC7vOGCLnPwZm1BFJ1TQonBy75xhvdXdI3MsbQI,96
cHSSEFR-H5vL1xcT5VtaN7mUoofXYDNaTEYq9j49o2tvMNw,3STmf25DF4PpslJzqGGiVBdtHl7Kg2QCLHAHwQ_c82b-vg,138
gIWr9bbqtl8Qh7Ky1yRrRd79yyd58fG7xliepxhP75oo6Aw,_5hPqDHQw2qbeM6hypXoGewlEjvsrXxr3JN0_KL95UcgHg,139
OgtFvlTHUJIGaYWmmwD-HZUU0sO4nfDwjxv0H9FoBkNZeho,ATFCbH5t0kE6ln4eZoklHBtSDlvPckEtNNlum6uNm4sYY0A,223
OuSOvEIEWgniF0hnJsYrSRciIi0Z44AkCXNRSYOvl0nXaGo,IggG1Usf5o7-Hj5FV6CxT0lUciE9l31kLTvD58N3Fzl7EQ,180
-iMqI7O2uEUiJk-8SolYP2-L3RGrNJcN2kHXsxQhxVU24iQ,fvuoBuikfwxjDdSngNxdTMIyyoyy6kvkR6ONb9BafIGwh3M,161
dy9Jy8igmQ_GShbMMNkFcB8afl7NUbIkpDDxe1oLRKqJP6dV,8hevFtomqR09nZIRNPUsYYg-A0hY13aKXF8h5PJVdtNQKQ20YnBWm4Fm,46
UR4NDygECEUsFmVwkmGhlYLL3F3c960WeR5luamPGhvZzVo,OBWcgf-ay0vLFXifmTmYfUdRFtrhjvqJ8o6T1JpXrvyJsMc,205
GkX0LeZX9p9CVui7G3fbVjscDKU9IxgYoMYhq17JjxqD-OI,nUqfG8S7qWDTgEz4ppAKKll82ZAZVDKzWThejf7y_ohVeg,151
9g70Zz-PuOa5U0CP4F6yLFaqCL0c9mQD1tSmvclqCbx3aKs,iOXG8K_0V6ZGsxSK-SrmZcMpesSyaVNTujKSGW5yaPsSDho,201
lkNzztQ6gBdqSDY4Jx_13PUd2Uxn3E9cti2s5aOtp-Z92Jg,i88d8NILWe5_qHHBmNFfpgjSkJbjnPhPqz13KdKqvSNHlJo,264
7kFQx1IUHpU2TdiGWOvJ5inCP73EDI8yzxW1V3piE53E_hw,mqIi-LtONgdbVEMRqwY57YFATzFPjMZuiQzjoPlBLDfolA,140
ebgxwN0ahUXmqG1shNMvQqy4XvbGqeEGGHcMUvsrU0o2kms,lX1sQ1dlqvfOnljeMTLC5GVS6Xk9hArbN9MKYyogitLDh3o,177
YOLZUOEQ_l7vZudq74sX7WJGOACq1zkvPdTrZCB4Q8xbs4A,Ny5TAn7K4P4YQ70YCgnxMCUUd-vEI7FLw4G4t2ZadszCDQ,149
oKimLgci85XLUwy2HxehhjqOmtgiCYry7Rq8UcAHO5AXDnI,_gC3iw82U9UKvBPe3GyO0ZLRKUDEbXZZI610PBsdmpEURXI,337
vYqvFdRGVtTI2KWATDas07AmXrnDTVMd57uBX0Mwi3NPG1c,UwCSmgZLXxlwMhe_AthlvdoXif6j6AZzqg4XHjbHPLQybvM,91
DF2tLSxpOLeXK_P4981PHFswhpv9NdaY9ENbOdKhkFZaotQ,0dvBkTHSFIivhcPiQcQgx_-b3LRG1N-W8I4Ume1gY2velv8,222
k8mNk69BurJEx-Sx52DdJf4OirO6VWIDLr5FbQL8ZFX5a6M,2qWe5oiMHoYw3oqNVS72kWjymLh5XmTXVsncLxLRWEMHpQ,274
1MGORmP9SpWWQhlL4ffEVNRUNtE80UXaLz4eCzbF7_R22Zo,GNhJQh-ug3GUzaK9ToPeHhNJVp6HZWoNb43KZshoSfNsrQ,107
Vf2y2Ctwaqtv7ktp4Srx93BN5qmdpZaXwlDCeX5dWwTYvlw,6SNrMECDgFaYlpLbBrBW3hEmr8fwhv0l2A38awCNwroqo7U,304
F1fz3EZ5E_u9JcEOihs_PN4U4XqEco--gAvuj9j4gBosA8U,en_4qGAYfphGdU-qFB_2n2AMi-W3jlLoWcFAEP-zWEo0F1k,114
zRhIux4CEzlTQkC3XynBUoURo2IsOFkxSuWza9SF8iF80IU,RURJk0_ro6jCHCMMTqMRYAb8Pk0cpvt5BN-6KoSpqqWVXws,171
tih77F1ruwJ3WdfNcZ842XM4dGuQS4--851rKlC74FW3zkc,kdQ1vE84OXi_JiiD0yJI2XRt1gglxGY0-pwxDiYUmx8rYlxhKz3NhyRf,332
lSoU6hC-fFo1-bzVciC4PmUvn1Y2hdp0xMgmcbVvj-cXW_g,VqwGfZObpwtzSHxOeDoKpTZN9S8b9p8XnUiJSJhDFAgubQ,311
rB-Su5MgYTBbjLpB_vqSQJsMrPJ5syOBtgK71-gBdjK00G8,7XZzo6AlLUOhtz0HqNPGTjYkP_rHA29feFzqxUwaOb6lR_8,286
E19ygZkt6ZR6Fjs9eyMFThPOFICrLGM0ewFprjTIM7GiX7o,GA-IrCw34Ixy6GUKkFOyyj7OyInW_3-wPnenvPYwCopUHA,233
Asmgr3FKzIgdktnqCqpTIaxTCX46syo7x5_WU-irpFSApkw,2VX_kS6c-UXiBNN38G-d9EoYYPdmYSnFonkl8MeRlMB3wcI,174
F1RbgkBoeYo7-roYlTtKJ9vrAsNzLgy7OsbFC6GROMX3NTE,GufTB1OtvUkoss2-4t3ABgKn6_5UUzpmWPzqQIB0uGtfL9k,184
b9ENYqAXKrAEIV_CRQ4gLfqmM952JpTv_zFC5IbhLdjMU70,PUp37w1GgZdqOdpE6p-aDLqkozy8PH_pr7w5q2MFWfsqMYg,234
pa-cq13MiWJ63DWjm9DubsX6avm5h0PgY5yLaLZQklXNDfg,yX9Zh5T08eudijfhq4mz5Tv9_lI1zjQz1Lr1iwYY4OroyA,301
vEqTP02ffd7GmpxnlZazipsDrMkXuAH6dFvris0hzWIdEMA,YCYbZoWSTyEsjd0Ntdko0sU5FdzwAlMWSB75-2jfNL2p1Is,236
xB0t2OPQ6AIUPo_UgNZljqe926NsqX1o75fP1iHfgfOIEEU,kBjf8pksPh6X5qG27d6_unvD87SnD4wMnlizfCcg7uKW2A,343
7MCCYSnOlJA5seZqwXKlO0BfCnRlxY7RhsWj2q9RJYuWF9U,sZIYDi1jRbo7oa2iO-YXqTjQiESoHMOywOVzwxuoiNwLtA,123
xkE3pXBy86M-E1--PtUsLJXN--LYS4OXtuvnpCrLK_2_AN_6,C3YRNTi_3n2GQ755FG3YtlXv-dGSb3iqBOLZJQn7cbqtdQlX4q4EhHuB,91
yK2b6zoM4Hh7zlHlFA2uqCf35KDaWsULMY6p1se7rZ0ErL8,MoliJzaZ9gcuxiQ7v1W_yPZ8-xsDuqtUTIRMeyrXCIDIwFc,259
U3ucqdjJRYAneBDVTqYiartZkYr3W0kd7VXeRpwfL12Ixh4,zvKB-4BESn2pQspImMFw6j0mrETfo6G9nTLgrjavZDvZj38,200
RkuqLfPamDQLnB8O2DZhVt2cwWLvsbGJjhzlCrhzjOAX4cs,DGg9fjNgOo38pzc6GWZJj_AvSV2QUSJfx0K6hJZU5oDD6HA,148
YNoXES3HyKNN_UaaKkFMk4rC6Af5Q6gBCiaonHqFfKOh1F8,KtWugZaEZSUK8jrhW4uCzS7Pq_zaAl113CDjKXyvXI-JRw,199
PT0jy_pd3fDyEYKlJj6IL8QnHnoP5nUsOPmCoiECqw_4ZBM,K0WtGc3n4eB2Y4Lk7uBOBBJuiefCI9cy7HQwngDy0yS1aSw,153
Re2VoCZqmDgOvmyc36llK3-D68CW1e8MCfKKchTGm3cD_Ps,XMdAEK5p0belamkHdUcgyWRn9rxySgRJ7V9Yin5DS9RZEQ,209
V3t1fcfA4Cjucp39JMagHYdU6f0kzQZlsqty6ouePFIMlLw,1-Vq3YCjzHUCgpOCekcI7MyOpdPMlX7LwQwUm2I2gyIDag,221
OWYLg8FNdpoHHzXKtNEj8P07g4I_bXGGOBfsxh5E8Y_FLJ4,UjQ5-bNSmy4ga_PqCOXWeEFlu_3wR_N0x_sUlYj6cSUy8Ps,243
la2AqY9OlZ4F2gzP1bmR0kz1R0ri1qsbFW032MuNnBgJwRc,UsKbRMpRxojckzFOzsegHpeWfqRoE9TnD64ykg9jIZ1AVcY,90
hUmY0JISyvhCjrg5ppKb89gt2TYa--z6TKlxKuXy8YszWUo,ydoMOt7IYOBJyc46R5KgIeUyR6TpJjT3CfiLqKBTgaTOpA,78
rZ49t2CrSdwzcYBMuRl9bCizfZWDWTWYFyWQpnk77sK6wDE,sDZzvH57rq3qXnsBeLAPvO3HDq3NngK_cr_-MGMw3080aBw,318
oT16EGoi7SmVFocb-_5m1bVGho2oco5HVgR7QNzHigMTbuI,abb2VOwhe9pEYJhYCzbcxOCqXkXfAY4vrtQXK6fz4rzN7Q,361
APdWULcDHYRF32r5WwABSg-LgZnMXjh1T4qo9z_ss40xGcY,PN-fddghowBxb0QzjcEUuYFY9tHiiRQmqNupdIzt8eRu4HI,145
XR6zRHA-bCPwHYejK2eTEBkLy6Kc50hI8DjY0LG3l0OmGAMg,ALgRBGcB6NnCB2Wf6pKWXkN9D7f2QvPHja0YiDnAnegzc_8Vn5mFoHnh,68
5sOBFpXkjdy3dNM-Q9R-XeMVAYrhp4c2MhWH0O2d0blGwQvY,YXmikBOLtX5UOomKZi1NIQ0FwbgIic_-aEpQnUQtZ49tFt-GlIa1ZTZH,126
3hEdb0yvMo9yTxIluUJsTc194vouscOPwdJfM179gykZZbg,FBOhDf5936exUKWMwD1AfilXp3lwdykbvQAn-N3z9CdK-o8,269
gj4qwt2OPRD-skE5Kpdw8RWKX0cqpbYA212W3R_7Na071p0,1w0nsb5C9RiXLD7GQfBxLTdlTOsfi5n1g6M1D9Yw7d90tw,175
Dqpc9-OdMQuybk6AOBgr7cvbJ7QYy9O97Rc_GMRMqWp7o8A,huakNpXgV0DbQLh_IXlgl1qc_7AVsliNk3ir3vWkGoCB5A,162
m-CstV3Wtc7t-ccy1Lbut8LEuZRMg3wlx9Z1o-efgGSN6Ug,QazuXuZgC5dHJ27UDA7ytAHIB5sCs3fY_eL80pfofB_HNCg,115
RsCjRtQkbnPn0r8j3O1dJgQ_tRsEr06Bm1D69sz2STG8UeU,YcZkIs_ovmT6ciABO1wW2VXvFwyJGHopQuqBWMdPIT954w,121
YgNtFjw0-KZUN3k3IBOY50RZRPmH4NbUCumQpsHj602xOv4,mYwiuBZPJF3OesV0UBcHfo1iINrtWabMTrNmfF06jtWRGQ,234
WShnIvc32In5oVoELXio5GYqdzEdLAUMXRqGUBHRkInVhg0,xW5Jg-2hRvNmt1Ic7_KPHqrMSBDad53hhTYILjBuasGYpnhi6iWj6Hs6,87
CExhMGomHI7pSb6SsB3TNT548sdqfjiHRfLqZAfZwU1U4q8,I3EG0p0uTz0eynoge8UYuo0u7QBUz_1rrDieX3ylPKc-mg,90
e9-lje4mCgMG88gzex5EhEplGL0FytE9hn-E544lki7T1qLR,vB1eEoTiNWft0RS1ceaW2JqjAiNISRzuOLwleb7GIeyDh6SH2Y4naIlt,66
KK7jcj-Yac7p9X435vTW-VgBZWlEqR4pkf6DQQvi07qwWkY,b7iDrTcyJhCsm9BN61cKV4Hw4Nu2yzRYng_k6IuzFYrxkM8,166
3IepVXg9Ygg7HctS3rQjBazphWDnQBvBXe58d6IMdRhF7Ec,joLwEJ3Oy-fNUDGbjx9PARaTabQdecamKluRYCd_2uTj2Tk,373
iYHOdodzH2Ff55qam-fGlFyWoBl87gK9llq4BQQlnt4ymeU,cIdzBZ7ujuBRGYFj4oHhG4NuSu0WrBVyh6Wi4QweHXZQrg,245
_rcSL01e6TSn47XUQAzBn5nxbBq_xJUBOiZqOou8DaUr0vs,2F3LoqDd6ie8GtV-F2pHYIAsxKAV2j_qDKXEGN-pnqErLp4,94
s7ba_ekI5hPEva7v7CCPEaBP84udjO28SC0H78MONbeMYZc,AKin6GV73b6yZkBTXt7QXQyiOorda-GiEBc-IOdrLMlj-g,135
UpzkCI9PpVMK-1DyN6RrQNBQ3pI2aRSRNXlO_2lX42-RoSQ,Fukw9fqVugDRDz2QzqUrYsYBFWGTpUz_DFhrqAdkK7OMigA,169
ohlagP-f-QolQvmA7s3H-b0ZBNiNRErUftPK3JduxPF08fA,VUBmF1IpfCVSmUIQgTeS4T9Uqv6kBdndKil5JOlsqbaEZA,146
lozmzULnZ5eahYtbE0299cUglXOc3DgGFtlrcN4qXLfrdqw,p8srPmt5HwX_VAsZAPmvtjc1BxY_WnwRcmwwW5u9B-L-rmw,238
JCkHDqU1RUQyEAnxBHg7DunM3XQM68eRvfH1eOA36At8rRo,_50qbF1v7CdZK-0mIXaeVEpv1EyMkNC898tqb14r2UCd_Jc,160
s26a67FNFrmMVo8xEFX3bn2H3iSZ1kH0QK-E_iOor3oDVy8,KvjkNEWbuD0HRS5Erf7XSBBL2Aq1ayFBwQ6HBYNXne0PAAY,261
0aJHR5viT9K4cr2CJHirDAJIDQBwuZolJnDlSw9OkyvdIpU,9PGNXaVmAF0vQDlNHVaQSxP0QnAs-PwvCCXoUFtPnkPriVk,379
LcwGHyEgr8caN_d9ey_uv8byq-F_Y6QnoEaSpOjKzSDJJNM,tbuxSqJn06mDtWTduRDQ_ynIYz3C7wep_JDkNch1Ys0xnr8,91
Y4NwlWOZom3rxfN--kLcNfj182p7N0qGan6lqjSEaCoVOYs,ODP9VXX8jG9QgXT-Z-QImFwxK-qCIiirWtSGopQOR8iRyug,254
fIcRrYfSsS4j8Gkz8bLvxgSYyO_EQ-RmqUfbiRUFNYUZGoc,jjRPZ4yYN91UnZKnzxLbJnfZTRDeZxqi5IugHQKcFSYF9Yc,364
MXHsSNTz1bkxxN7Kgvm-fd4SB5bSBXNNmX-_PBDpWelROIU,zNBakSQuZ0XO4S2kFb3G_HKXwJxC6ssm_0_HY9UaX9Y4U5w,123
9NSBBgXusf7MrEUOUT38CtX82dykWQx9e9TY46y0f0FhPos,l5KYw5GIB9-iTR8hMJiWerOepcLlHbzZYtR7gBLnEQwVfQ,188
P3BMdjtyV_h_LBGS0Vrtlq-bTQNGrkFRkrDc1B4uAXMAnr4,jTTQ9_7HoSYy08Ks93aKOf_634S5kS9JheItOW9DRwXWpBI,332
pI4cosKYM5YZi30w9r1bFB1lvGaxB6OZnz2H_3Uy7ifiF-E,qcAyglczVzouTUVwJOhkVkfkYvnM_6epPWJ-Mm_26Mh3G2g,161
dC6Gc8MboW_a3VFH67BF5fwqeVMWStHsioCnrt5ZwHvdwF0,80B3bqxOYVdy-2dc7S91lV1p9U7kRd8oyYxwuunicArK_VE,110
DWW3V6qUCzWNu5PHqICVtSt7tqYjjapNMYpT-TUr3bXrHiM,pmtvGrEYgSfc6DHbZmbPIlNMbzZ_TTkct11yW09YS-zsUA,57
qK8HpCwyyLAn4l11FoVIXwvtxlnOwFEUU9oj1t2c6_dsvYE,i3XVx8hShj49qiJtVgyDPHTzRSIoB9dXj2WJ6NR5_t1NnA,123
b_Nt5pbsK4n1TleAELqvPd22nWnvANotBwHxatfoXJHZ2Zk,3uNBL7yayoReSUSlflsQlvuhyKOqU8V--X7akdu1Ax7p0yY,301
